SET @saved_cs_client     = @@character_set_client;
SET character_set_client = utf8;

DROP TABLE IF EXISTS `website_issues_cluster`;
CREATE TABLE `website_issues_cluster` (
   `id` INT(10) UNSIGNED  NOT NULL PRIMARY KEY, 
           `url` varchar(100) NOT NULL,
           `version` varchar(30) NOT NULL,
           `positive` tinyint(1) NOT NULL,
           INDEX (`url`),
           `cluster_id` INT(10) UNSIGNED  NOT NULL,
           `description` LONGTEXT NOT NULL,
           `score` DECIMAL(10,5) NOT NULL,
           INDEX (`cluster_id`)
) ENGINE=MyISAM DEFAULT CHARSET=utf8
;
ALTER TABLE `website_issues_cluster` DISABLE KEYS;
INSERT INTO `website_issues_cluster` VALUES
('1', 'http://tw.mall.yahoo.com', '<week>', '0', '1', 'web page display unnormailly', '9.30860616668'),
('2', 'http://jamendo.com', '4.0b1', '0', '2', 'kept reloading this page:', '21.1518434395'),
('3', 'http://sn137w.snt137.mail.live.com', '4.0b1', '0', '3', 'Can it saupport Hotmail???', '9.69086587061'),
('4', 'http://accuweather.com', '4.0b1', '0', '4', 'Page did not display properly', '14.454064605'),
('5', 'http://clippercard.com', '4.0b1', '0', '5', 'This site doesn\'t seem to work.', '10.6775593409'),
('6', 'http://bbc.co.uk', '<week>', '0', '6', 'Can\'t use flash on this site...', '11.8204617777'),
('7', 'https://paypal.com', '<week>', '0', '7', 'Massively long time to load at 0811 hrs UK GMT time', '6.87769378779'),
('8', 'http://ie.microsoft.com', '<week>', '0', '8', 'It can\'t run canvas faster than IE or Chrome', '15.8279076094'),
('9', 'http://www2.webkit.org', '4.0b2', '0', '9', 'non si visualizza bene l\'analisi.', '14.8074923238'),
('10', 'http://docs.jboss.org', '<week>', '0', '10', 'An image is displayed in the wrong location', '11.5114906262'),
('11', 'http://ie.microsoft.com', '4.0b1', '0', '11', 'It can\'t run canvas faster than IE or Chrome', '15.8279076094'),
('12', 'http://sys.4chan.org', '<week>', '0', '12', 'it doesn\'t load', '6.4798299645'),
('13', 'http://home.live.com', '4.0b1', '0', '13', 'Firefox sometimes doesn\'t render the Windows Live Home page properly.  Sometimes a refresh will fix the problem and other times it doesn\'t.', '7.33420354956'),
('14', 'http://wegotserved.com', '<week>', '0', '14', 'It won\'t load a site', '12.0769416252'),
('15', 'http://fairview.deadfrontier.com', '<week>', '0', '15', 'Cannot load browser game.', '12.9551871719'),
('16', 'http://bahka.blogspot.com', '<week>', '0', '16', 'I can\'t see the comments in a pop-up window by clicking the link below each post =(', '7.03783364684'),
('17', 'http://trade.bankleumi.co.il', '<week>', '0', '17', 'my bank site doesn\'t work properly', '13.3145271803'),
('18', 'https://ideal.abnamro.nl', '4.0b1', '0', '18', 'when trying to pay with ideal for abn amro you cant go further and finsh the payment', '4.35984692348'),
('19', 'http://zillow.com', '4.0b1', '0', '19', 'Page is not loading properly', '11.0544854214'),
('20', 'http://pt.ikariam.com', '<week>', '0', '20', 'I can\'t open the facebook login interface for the game Ikariam', '9.02371153671'),
('21', 'http://students.heinz.cmu.edu', '<week>', '0', '21', 'cannot open pdf file - zeon plus plugin has crashed', '13.0206294979'),
('22', 'http://google.co.uk', '<week>', '0', '22', 'Seems to loose search terms when pressing the search button on the search results page.', '7.17315557734'),
('23', 'http://mangafox.com', '<week>', '0', '23', 'Site complains about server error, but works fine with other browsers', '12.2408189055'),
('24', 'http://downloadsquad.com', '<week>', '0', '24', 'The Firefox Button should be inline with the tab bar to save space, like shown in the article in the url:', '5.39616060867'),
('25', 'http://cnn.com', '4.0b1', '0', '25', 'video didnt load', '10.3365339052'),
('26', 'http://orkut.com.br', '<week>', '0', '26', 'deu esse erro Malformed security token e=AHbhhgqot%2FU%2FPVrX%2B1Uyt0ebOKC8gTF0RcRliGvjpOPEAdS5I4ltfrVi2Wxa9yExDlEjN%2BBI%2Fk7gDOAr5jzTYsYRX', '14.0861742663'),
('27', 'http://downloadsquad.com', '4.0b1', '0', '27', 'The Firefox Button should be inline with the tab bar to save space, like shown in the article in the url:', '5.39616060867'),
('28', 'http://asriel.de', '<week>', '0', '28', 'Die Seite erscheint erst nach einem Reload. Dann funktioniert sie normal.', '24.0780039703'),
('29', 'https://citibank.se', '<week>', '0', '29', 'Cannot login. Works with IE8', '17.8759819491'),
('30', 'http://192.168.1.1', '4.0b1', '0', '30', 'it gets stuck when I try to enter my router configuration', '9.42933970664'),
('31', 'http://acid3.org', '4.0b1', '0', '31', 'Should fulfill acid3 to 100%', '17.4083587674'),
('32', 'http://zelda.wikia.com', '<week>', '0', '32', 'It keeps on refrshing the page Zeldapedia', '4.26771440076'),
('33', 'http://clippercard.com', '<week>', '0', '33', 'This site doesn\'t seem to work.', '10.6775593409'),
('34', 'https://services.aamc.org', '<week>', '0', '34', 'This site isn\'t compatible!', '13.6021931567'),
('35', 'http://express.com.pk', '4.0b1', '0', '35', 'not open properly', '7.73522304193'),
('36', 'http://petalia.org', '<week>', '0', '36', 'can hear the voce of page', '8.90311839265'),
('37', 'http://multiply.com', '<week>', '0', '37', '100% cpu usage when browsing', '25.4275524268'),
('38', 'http://inoxmovies.com', '4.0b1', '0', '38', 'Site is not working fine with inox website', '7.38309156871'),
('39', 'http://istoretn.com', '<week>', '0', '39', 'the site does not  completely apear', '12.6933326814'),
('40', 'http://jamendo.com', '<week>', '0', '40', 'kept reloading this page:', '21.1518434395'),
('41', 'http://docs.jboss.org', '4.0b1', '0', '41', 'An image is displayed in the wrong location', '11.5114906262'),
('42', 'https://bancobcr.com', '<week>', '0', '42', 'Firefox sai that do not find the action script in the web below', '5.10146638907'),
('43', 'http://google.be', '4.0b1', '0', '43', 'the search string dissapears when i search google. I can search but the box with the searchstring is always empty', '4.4650194681'),
('44', 'http://sys.4chan.org', '4.0b1', '0', '44', 'it doesn\'t load', '6.4798299645'),
('45', 'https://bancobcr.com', '4.0b1', '0', '45', 'Firefox sai that do not find the action script in the web below', '5.10146638907'),
('46', 'http://en.grepolis.com', '<week>', '0', '46', 'it doesnt understand webgame called grepololis\'s map', '10.8051721411'),
('47', 'http://sn137w.snt137.mail.live.com', '<week>', '0', '47', 'Can it saupport Hotmail???', '9.69086587061'),
('48', 'http://filehippo.com', '4.0b1', '0', '48', 'Lots of 404 not found and it was not page or connection related.', '8.45111787206'),
('49', 'http://i28.tinypic.com', '4.0b1', '0', '49', 'For some reason, I\'ve had another Firefox application open - nothing happens when I click Firefox in the menu bar on the application.', '6.86310597317'),
('50', 'http://jovempanfm.virgula.uol.com.br', '4.0b1', '0', '50', 'Unable to load Adobe Flash plugin... example below but it could be any page that uses flash.', '9.96344277855'),
('51', 'http://mangafox.com', '4.0b1', '0', '51', 'Site complains about server error, but works fine with other browsers', '12.2408189055'),
('52', 'http://dabate.com', '4.0b1', '0', '52', 'Even though I installed wmp add-on some website had issue', '15.4721203795'),
('53', 'http://runescape.com', '<week>', '0', '53', 'I was just hopeing that runescape would run better.  Its probably not your fault.', '11.0036359472'),
('54', 'http://a.imageshack.us', '<week>', '0', '54', 'Menu button is showing over the address box when in a tab free window (link says it all).', '8.01903559914'),
('55', 'http://zillow.com', '<week>', '0', '55', 'Page is not loading properly', '11.0544854214'),
('56', 'http://runescape.com', '4.0b1', '0', '56', 'I was just hopeing that runescape would run better.  Its probably not your fault.', '11.0036359472'),
('57', 'http://toolbar.zynga.com', '<week>', '0', '57', 'it is not compatable with the facebook game toolbar from zynga games', '8.12240739384'),
('58', 'http://img517.imageshack.us', '<week>', '0', '58', 'I\'ve made a picture of the issue:', '14.9183812356'),
('59', 'http://intomobile.com', '<week>', '0', '59', 'Page content disappears when approx 75% loaded while browsing news stories', '14.9685915696'),
('60', 'http://cnn.com', '<week>', '0', '60', 'video didnt load', '10.3365339052'),
('61', 'http://ch-ching.com', '<week>', '0', '61', 'back button stop working', '14.0308356343'),
('62', 'http://youtube.com', '<week>', '0', '62', 'youtube videos seem to have a large negative effect on it', '8.96482795336'),
('63', 'http://youtube.com', '<week>', '0', '62', 'crashes alot on youtube :(', '18.1281976198'),
('64', 'http://youtube.com', '<week>', '0', '62', 'horrible video feed', '15.6410078298'),
('65', 'http://youtube.com', '<week>', '0', '62', 'Flash crashes whenever I watch a youtube video!', '11.3568850455'),
('66', 'http://youtube.com', '<week>', '0', '62', 'Poor performance while playing online flash videos (even when I have a good pc).', '10.6644047539'),
('67', 'http://youtube.com', '<week>', '0', '62', 'My adobe flash player plugin crashed when I was watching a Youtube video.', '10.5727133959'),
('68', 'http://youtube.com', '<week>', '0', '62', 'Whilst watching youtube videos on full screen Firefox would stall and I would have to Ctrl+Alt+Del to get out of it. :(', '6.05472175129'),
('69', 'http://youtube.com', '<week>', '0', '62', 'HD video on YouTube is choppy...it plays, but the video freezes while audio continues, and this works fine in other browsers on my pc', '6.04823193918'),
('70', 'http://youtube.com', '<week>', '0', '62', 'Youtube-Videos haben immer wieder aussetzter, obwohl das Video genug geladen hat.', '0'),
('71', 'http://youtube.com', '<week>', '0', '71', 'Firefox jammed. It turned out nonresponsive when I tryed to close it.', '6.18622405969'),
('72', 'http://youtube.com', '<week>', '0', '71', 'sometimes i cant hear sound from youtube so i need close firefox and restart it.', '8.49149411972'),
('73', 'http://youtube.com', '<week>', '0', '73', 'Crashed multiple times', '11.7874588314'),
('74', 'http://youtube.com', '<week>', '0', '73', 'Flash keeps crashing every 30 minutes... Mac OSX 10.6.4', '19.2443239177'),
('75', 'http://ch-ching.com', '4.0b1', '0', '75', 'back button stop working', '14.0308356343'),
('76', 'http://amrrc.', '<week>', '0', '76', 'images dont open properly in light box', '15.6781636195'),
('77', 'https://mail.google.com', '<week>', '0', '77', 'This new version does not work with the googlemail standard view. It only works with the basic HTML view', '5.0070567046'),
('78', 'http://gallery.me.com', '4.0b1', '0', '78', 'Quicktime Videos laufen anscheinend (noch) nicht', '14.4904754839'),
('79', 'http://tishreen.info', '4.0b1', '0', '79', 'It seems like this, BETA, version has an issue with some webs where , seems like, some scripts conflicts with COPY\\PASTE  procedure.', '8.10298725319'),
('80', 'https://mail.google.com', '4.0b1', '0', '80', 'This new version does not work with the googlemail standard view. It only works with the basic HTML view', '5.0070567046'),
('81', 'http://unair.ac.id', '<week>', '0', '81', 'i can\'t open my campus website', '9.69294309948'),
('82', 'http://bb.com.br', '4.0b2', '0', '82', 'Plugins não conpativeis com o navegador', '23.0467462354'),
('83', 'http://gmx.net', '<week>', '0', '83', 'All my Mails in GMX are unformated with Firefox via the Webmail INterface. With IE8 everything is OK.', '6.50284979701'),
('84', 'http://ox.ac.uk', '<week>', '0', '84', 'thin white fonts on dark background are garbled when cleartype font smoothing is on. this only happens on FF, other browsers work fine', '6.90061428351'),
('85', 'http://everybodyedits.com', '4.0b1', '0', '85', 'Screen instanly goes blank.', '22.0848372162'),
('86', 'http://antwrp.gsfc.nasa.gov', '<week>', '0', '86', 'Text on the page is spaced out too far. Space in between letters is the same as in between words.', '7.03814031653'),
('87', 'http://express.com.pk', '<week>', '0', '87', 'not open properly', '7.73522304193'),
('88', 'http://everybodyedits.com', '<week>', '0', '88', 'Screen instanly goes blank.', '22.0848372162'),
('89', 'http://npr.org', '<week>', '0', '89', 'Entering this website crashes the browser.', '11.6480748877'),
('90', 'http://wegotserved.com', '4.0b1', '0', '90', 'It won\'t load a site', '12.0769416252'),
('91', 'http://selwynformayor.com', '<week>', '0', '91', 'Your feedback system leads a lot of work. The screen is too small and one cannot edit it very well I cannot load my website properly and IA.', '5.94286036637'),
('92', 'http://adserving.cpxinteractive.com', '<week>', '0', '92', 'spam/advertising', '0'),
('93', 'http://aajkal.com.pk', '<week>', '0', '93', 'website is not opening prperly', '17.7075909363'),
('94', 'http://petalia.org', '4.0b1', '0', '94', 'can hear the voce of page', '8.90311839265'),
('95', 'http://adserving.cpxinteractive.com', '4.0b1', '0', '95', 'spam/advertising', '0'),
('96', 'http://192.168.1.1', '<week>', '0', '96', 'it gets stuck when I try to enter my router configuration', '9.42933970664'),
('97', 'http://af.messzevan.hu', '<week>', '0', '97', 'The chat window disapperars behind the top of the screen. Previous versions of the browser offered a nice scrollbar. See screenshot in url.', '3.92807516033'),
('98', 'http://pt.ikariam.com', '4.0b1', '0', '98', 'I can\'t open the facebook login interface for the game Ikariam', '9.02371153671'),
('99', 'http://a.imageshack.us', '4.0b1', '0', '99', 'Menu button is showing over the address box when in a tab free window (link says it all).', '8.01903559914'),
('100', 'http://youth611hk.dnsdojo.com', '<week>', '0', '100', 'Firefox unable to jump to another page as told by the header', '7.91735186388');
INSERT INTO `website_issues_cluster` VALUES
('101', 'http://gmail.com', '<week>', '0', '101', 'Writing an email felt really slow, it looked like the letters were shown to late', '10.8883109557'),
('102', 'http://reckoningthegame.com', '<week>', '0', '102', 'This site did not load or is taking way too long.', '10.0567492176'),
('103', 'http://toolbar.zynga.com', '4.0b1', '0', '103', 'it is not compatable with the facebook game toolbar from zynga games', '8.12240739384'),
('104', 'http://img517.imageshack.us', '4.0b1', '0', '104', 'I\'ve made a picture of the issue:', '14.9183812356'),
('105', 'http://reckoningthegame.com', '4.0b1', '0', '105', 'This site did not load or is taking way too long.', '10.0567492176'),
('106', 'http://beta.bbc.co.uk', '<week>', '0', '106', 'on the Mac version, During Full Screen playback of a flash video, the top menu bar does not dissapear.', '6.9544123294'),
('107', 'http://freerangekids.wordpress.com', '<week>', '0', '107', 'When loading a page on this site, all interface elements (of Firefox) are inoperative for 5-10 seconds.', '9.61995826343'),
('108', 'http://mymidiland.tobias-reichert.de', '4.0b1', '0', '108', 'When I start a mp3 file with firefox the aero design turns into black.', '8.52082829359'),
('109', 'https://citibank.se', '4.0b1', '0', '109', 'Cannot login. Works with IE8', '17.8759819491'),
('110', 'http://youtube.com', '4.0b1', '0', '110', 'Flash keeps crashing every 30 minutes... Mac OSX 10.6.4', '19.2443239177'),
('111', 'http://youtube.com', '4.0b1', '0', '110', 'crashes alot on youtube :(', '18.1281976198'),
('112', 'http://youtube.com', '4.0b1', '0', '110', 'Crashed multiple times', '11.7874588314'),
('113', 'http://youtube.com', '4.0b1', '0', '110', 'Flash crashes whenever I watch a youtube video!', '11.3568850455'),
('114', 'http://youtube.com', '4.0b1', '0', '110', 'Poor performance while playing online flash videos (even when I have a good pc).', '10.6644047539'),
('115', 'http://youtube.com', '4.0b1', '0', '110', 'My adobe flash player plugin crashed when I was watching a Youtube video.', '10.5727133959'),
('116', 'http://youtube.com', '4.0b1', '0', '116', 'HD video on YouTube is choppy...it plays, but the video freezes while audio continues, and this works fine in other browsers on my pc', '6.04823193918'),
('117', 'http://youtube.com', '4.0b1', '0', '116', 'horrible video feed', '15.6410078298'),
('118', 'http://youtube.com', '4.0b1', '0', '116', 'youtube videos seem to have a large negative effect on it', '8.96482795336'),
('119', 'http://youtube.com', '4.0b1', '0', '116', 'Whilst watching youtube videos on full screen Firefox would stall and I would have to Ctrl+Alt+Del to get out of it. :(', '6.05472175129'),
('120', 'http://youtube.com', '4.0b1', '0', '120', 'Youtube-Videos have repeatedly misfire.', '17.5409955151'),
('121', 'http://youtube.com', '4.0b1', '0', '120', 'Youtube-Videos haben immer wieder aussetzter, obwohl das Video genug geladen hat.', '0'),
('122', 'http://youtube.com', '4.0b1', '0', '122', 'sometimes i cant hear sound from youtube so i need close firefox and restart it.', '8.49149411972'),
('123', 'http://youtube.com', '4.0b1', '0', '122', 'Firefox jammed. It turned out nonresponsive when I tryed to close it.', '6.18622405969'),
('124', 'http://co124w.col124.mail.live.com', '4.0b1', '0', '124', 'frequently crasing & also speed too much slow while browsing compared to version 3.6 i generally used', '12.3845277714'),
('125', 'http://teslamotors.com', '<week>', '0', '125', 'I couldn´t see the movies on page', '9.74172969946'),
('126', 'http://gallery.me.com', '<week>', '0', '126', 'Quicktime Videos laufen anscheinend (noch) nicht', '14.4904754839'),
('127', 'http://teslamotors.com', '4.0b1', '0', '127', 'I couldn´t see the movies on page', '9.74172969946'),
('128', 'http://creep.ru', '4.0b1', '0', '128', 'gtranslate was not working in firefox 4', '6.92395701281'),
('129', 'http://asriel.de', '4.0b2', '0', '129', 'Die Seite erscheint erst nach einem Reload. Dann funktioniert sie normal.', '24.0780039703'),
('130', 'http://accuweather.com', '<week>', '0', '130', 'Page did not display properly', '14.454064605'),
('131', 'http://laraparentphotography.com', '4.0b1', '0', '131', 'when you click on clients, you can\'t enter in the password.  When I tried FF 3.6.6 it worked fine.', '7.48067493983'),
('132', 'http://aajkal.com.pk', '4.0b1', '0', '132', 'website is not opening prperly', '17.7075909363'),
('133', 'http://zelda.wikia.com', '4.0b1', '0', '133', 'It keeps on refrshing the page Zeldapedia', '4.26771440076'),
('134', 'http://ameblo.jp', '4.0b1', '0', '134', 'Pages on blogs such as the one referenced are so much slower scrolling in than before the 3.x versions. Sea Monkey is super fast. FF is not!', '5.09357680179'),
('135', 'http://farmville.com', '<week>', '0', '135', 'keeps getting stuck and have to refresh to continue on page', '8.58694613057'),
('136', 'http://logitech.com', '4.0b1', '0', '136', 'Can\'t yet auto-detect my Logitech game controller', '14.9546450568'),
('137', 'http://wowarmory.com', '<week>', '0', '137', 'I cant see  the description float of items', '12.2549454237'),
('138', 'http://ox.ac.uk', '4.0b1', '0', '138', 'thin white fonts on dark background are garbled when cleartype font smoothing is on. this only happens on FF, other browsers work fine', '6.90061428351'),
('139', 'http://istoretn.com', '4.0b1', '0', '139', 'the site does not  completely apear', '12.6933326814'),
('140', 'http://freehindiradio.com', '<week>', '0', '140', 'windows media player 11 not support only support windows media player clasic', '11.3991590731'),
('141', 'http://translate.google.com', '<week>', '0', '141', 'Resizable text box looks and behave weird', '18.4990775193'),
('142', 'http://news.com.au', '4.0b1', '0', '142', 'The front page is not displaying correctly under the \"National & Local\" section.', '7.34498972624'),
('143', 'http://miniclip.com', '<week>', '0', '143', 'flash work load slow', '9.9650226177'),
('144', 'http://translate.google.com', '4.0b1', '0', '144', 'Resizable text box looks and behave weird', '18.4990775193'),
('145', 'http://jcrew.com', '4.0b1', '0', '145', 'Broken images on some sites. Not a huge deal, because I encounter it with other browsers as well, but its usually not an issue with firefox.', '7.60500134672'),
('146', 'http://catb.org', '<week>', '0', '146', 'The text is all screwed up with symbols and the sides have white colored text instead of black.', '7.92936821053'),
('147', 'http://tvshack.cc', '<week>', '0', '147', 'Stronger pop-up protection is needed, especially over the TvShack web-sites where most, and some random unassociated ones, are experienced.', '2.86461487358'),
('148', 'http://effectgames.com', '4.0b1', '0', '148', 'can\'t get this site to work, i think its HTML5', '8.50277972941'),
('149', 'http://farmville.com', '4.0b1', '0', '149', 'keeps getting stuck and have to refresh to continue on page', '8.58694613057'),
('150', 'http://intomobile.com', '4.0b1', '0', '150', 'Page content disappears when approx 75% loaded while browsing news stories', '14.9685915696'),
('151', 'http://google.be', '<week>', '0', '151', 'the search string dissapears when i search google. I can search but the box with the searchstring is always empty', '4.4650194681'),
('152', 'http://hotmail.com', '4.0b1', '0', '152', 'Forward/Reply email in hotmail STILL disappearing with Firefox. Seriously, how long does this issue have to go on for?', '6.79242822572'),
('153', 'http://hotmail.com', '4.0b1', '0', '152', 'cant download attachments from hotmail', '19.8671109692'),
('154', 'http://hotmail.com', '4.0b1', '0', '152', 'my hotmail is not runing! IT SUCKS!', '11.9509733948'),
('155', 'http://gamekult.com', '<week>', '0', '155', 'The text is not aligned normaly for the news.', '5.29006503135'),
('156', 'http://shop.timeproducts.com.au', '4.0b1', '0', '156', 'Not sure if I have to select a different encoding type, but I seem be getting a few odd characters/symbols on some web pages?', '5.94944301174'),
('157', 'http://hotmail.com', '<week>', '0', '157', 'Forward/Reply email in hotmail STILL disappearing with Firefox. Seriously, how long does this issue have to go on for?', '6.79242822572'),
('158', 'http://hotmail.com', '<week>', '0', '157', 'cant download attachments from hotmail', '19.8671109692'),
('159', 'http://hotmail.com', '<week>', '0', '157', 'my hotmail is not runing! IT SUCKS!', '11.9509733948'),
('160', 'http://hmv.com', '4.0b1', '0', '160', 'Could not play trailer for game even after downloading plug in.', '12.8947563013'),
('161', 'https://sites.google.com', '4.0b1', '0', '161', 'The photo slideshow at this site won\'t display\"', '12.1839856075'),
('162', 'http://notarealurl.com', '<week>', '0', '162', 'Unable to download Addons with Firefox 4.0 Beta 2 - Build1. Error: \"The add-on could not be downloaded ... connection error...\"', '5.83777308833'),
('163', 'http://miniclip.com', '4.0b1', '0', '163', 'flash work load slow', '9.9650226177'),
('164', 'http://tishreen.info', '<week>', '0', '164', 'It seems like this, BETA, version has an issue with some webs where , seems like, some scripts conflicts with COPY\\PASTE  procedure.', '8.10298725319'),
('165', 'http://superpokepets.com', '4.0b1', '0', '165', 'while playing this online game took long o load ould not let me go to some parts of the game, keeps slowing down or not load at all .', '5.33696697381'),
('166', 'http://netflix.com', '<week>', '0', '166', 'Can\'t watch streaming netflix w/ firefox 4 :(', '15.4710375135'),
('167', 'http://netflix.com', '<week>', '0', '166', 'It isn\'t letting me watch Netflix Instant Watch movies online', '16.2484348474'),
('168', 'http://netflix.com', '<week>', '0', '166', 'I can\'t watch my Netflix movies.', '14.4052847016'),
('169', 'http://gmx.net', '4.0b1', '0', '169', 'All my Mails in GMX are unformated with Firefox via the Webmail INterface. With IE8 everything is OK.', '6.50284979701'),
('170', 'http://creep.ru', '<week>', '0', '170', 'gtranslate was not working in firefox 4', '6.92395701281'),
('171', 'http://giantbomb.com', '<week>', '0', '171', 'Videos on Giantbomb.com do not work :(', '10.9177899055'),
('172', 'http://elaph.com', '4.0b1', '0', '172', 'The web page does not display properly on firefox, but it does on explorer', '7.39725362239'),
('173', 'http://giantbomb.com', '4.0b1', '0', '173', 'Videos on Giantbomb.com do not work :(', '10.9177899055'),
('174', 'http://epaper.kompas.com', '4.0b1', '0', '174', 'always can\'t display the image when i want to read my online version of this newspaper, this online newspaper is using softpress', '7.92551612455'),
('175', 'http://megaman.wikia.com', '4.0b1', '0', '175', 'it would show the page, then go to blank page', '8.15954138495'),
('176', 'http://mail.google.com', '<week>', '0', '176', 'The interaction with the text area for composing mail when replying messages in Gmail is very slow and the scroll mostly doesn\'t work', '6.48234453315'),
('177', 'http://orkut.com.br', '4.0b1', '0', '177', 'deu esse erro Malformed security token e=AHbhhgqot%2FU%2FPVrX%2B1Uyt0ebOKC8gTF0RcRliGvjpOPEAdS5I4ltfrVi2Wxa9yExDlEjN%2BBI%2Fk7gDOAr5jzTYsYRX', '14.0861742663'),
('178', 'http://blinkk2.blogspot.com', '4.0b1', '0', '178', 'The browser wont display my java script. IE displays it perfectly. The script is from whos.amung.us and it\'s rather popular.', '5.16321309365'),
('179', 'http://logitech.com', '<week>', '0', '179', 'Can\'t yet auto-detect my Logitech game controller', '14.9546450568'),
('180', 'http://ftp.mozilla.org', '4.0b1', '0', '180', 'did a download here and firefox 4 froze big time. did not crash CPU', '10.066167639'),
('181', 'http://filehippo.com', '<week>', '0', '181', 'Lots of 404 not found and it was not page or connection related.', '8.45111787206'),
('182', 'http://i28.tinypic.com', '<week>', '0', '182', 'For some reason, I\'ve had another Firefox application open - nothing happens when I click Firefox in the menu bar on the application.', '6.86310597317'),
('183', 'http://co114w.col114.mail.live.com', '4.0b1', '0', '183', 'I couldn\'t download a file...', '16.1422731433'),
('184', 'http://blogtorwho.blogspot.com', '4.0b1', '0', '184', 'Top (logo) banner for this page does not display, trying to force a full page reload (shift-reload) has no effect.', '6.82727703853'),
('185', 'http://baguete.com.br', '4.0b1', '0', '185', 'Can\'t open site, but I can in chrome, also I couldn\'t make my twitter sign up using firefox 4. thx!', '9.21113977913'),
('186', 'http://orkut.co.in', '<week>', '0', '186', 'Firefox 4 beta 1 is not supporting new orkut. It\'s opening the older version of orkut only. Please resolve this issue soon.', '7.85187148023'),
('187', 'http://acid3.acidtests.org', '4.0b2', '0', '187', 'acid3 is not 100%. about FF 4 is really impossibile (for me)!', '8.00918559275'),
('188', 'http://af.messzevan.hu', '4.0b1', '0', '188', 'The chat window disapperars behind the top of the screen. Previous versions of the browser offered a nice scrollbar. See screenshot in url.', '3.92807516033'),
('189', 'http://devryu.net', '4.0b1', '0', '189', 'can\'t use pulldown menu to click on a subpage to grade students devryuniversity', '4.62227875063'),
('190', 'http://catb.org', '4.0b1', '0', '190', 'The text is all screwed up with symbols and the sides have white colored text instead of black.', '7.92936821053'),
('191', 'http://www2.webkit.org', '<week>', '0', '191', 'non si visualizza bene l\'analisi.', '14.8074923238'),
('192', 'http://gallery.fellingcc.co.uk', '4.0b1', '0', '192', 'jquery animations dont seem as smooth', '23.3561185743'),
('193', 'http://students.heinz.cmu.edu', '4.0b1', '0', '193', 'cannot open pdf file - zeon plus plugin has crashed', '13.0206294979'),
('194', 'http://gamekult.com', '4.0b1', '0', '194', 'The text is not aligned normaly for the news.', '5.29006503135'),
('195', 'http://tw.mall.yahoo.com', '4.0b1', '0', '195', 'web page display unnormailly', '9.30860616668'),
('196', 'http://ccee.edu.uy', '4.0b1', '0', '196', 'demora en descargar pdf', '19.5614173843'),
('197', 'http://co124w.col124.mail.live.com', '<week>', '0', '197', 'frequently crasing & also speed too much slow while browsing compared to version 3.6 i generally used', '12.3845277714'),
('198', 'http://hmv.com', '<week>', '0', '198', 'Could not play trailer for game even after downloading plug in.', '12.8947563013'),
('199', 'http://ccee.edu.uy', '<week>', '0', '199', 'demora en descargar pdf', '19.5614173843'),
('200', 'http://in.mc84.mail.yahoo.com', '<week>', '0', '200', 'There is no compose text box in the yahoo mail.', '11.3047439626');
INSERT INTO `website_issues_cluster` VALUES
('201', 'http://google.co.in', '4.0b1', '0', '201', 'nt able to do google search', '16.9696551765'),
('202', 'http://news.sky.com', '4.0b1', '0', '202', 'I use the liveNews feed BUT get a frozen Pic audio continues, when open windows task manager \"end task\" but only when cancel is used pic OK?', '6.24441349904'),
('203', 'http://uberreview.com', '4.0b1', '0', '203', 'Something froze this tab - the back button doesn\'t work', '10.9759177794'),
('204', 'http://laraparentphotography.com', '<week>', '0', '204', 'when you click on clients, you can\'t enter in the password.  When I tried FF 3.6.6 it worked fine.', '7.48067493983'),
('205', 'http://ustream.tv', '4.0b1', '0', '205', 'FF4 won\'t load the drivers.', '19.1535218497'),
('206', 'http://uberreview.com', '<week>', '0', '206', 'Something froze this tab - the back button doesn\'t work', '10.9759177794'),
('207', 'http://elaph.com', '<week>', '0', '207', 'The web page does not display properly on firefox, but it does on explorer', '7.39725362239'),
('208', 'http://tvshack.cc', '4.0b1', '0', '208', 'Stronger pop-up protection is needed, especially over the TvShack web-sites where most, and some random unassociated ones, are experienced.', '2.86461487358'),
('209', 'http://pornhub.com', '<week>', '0', '209', 'I cant use PornHub :(', '12.0880153318'),
('210', 'http://epaper.kompas.com', '<week>', '0', '210', 'always can\'t display the image when i want to read my online version of this newspaper, this online newspaper is using softpress', '7.92551612455'),
('211', 'http://ameblo.jp', '<week>', '0', '211', 'Pages on blogs such as the one referenced are so much slower scrolling in than before the 3.x versions. Sea Monkey is super fast. FF is not!', '5.09357680179'),
('212', 'http://in.bookmyshow.com', '4.0b1', '0', '212', 'This website does not display properly in Firefox.', '9.96208707803'),
('213', 'http://trade.bankleumi.co.il', '4.0b1', '0', '213', 'my bank site doesn\'t work properly', '13.3145271803'),
('214', 'https://ideal.abnamro.nl', '<week>', '0', '214', 'when trying to pay with ideal for abn amro you cant go further and finsh the payment', '4.35984692348'),
('215', 'http://blinkk2.blogspot.com', '<week>', '0', '215', 'The browser wont display my java script. IE displays it perfectly. The script is from whos.amung.us and it\'s rather popular.', '5.16321309365'),
('216', 'http://orkut.com', '<week>', '0', '216', 'can\'t open the new version of the following site', '9.41215690259'),
('217', 'http://orkut.com', '<week>', '0', '216', 'incompatible with new orkut', '14.5169618986'),
('218', 'http://orkut.com', '<week>', '0', '216', 'I can\'t use the new orkut.', '11.2040286741'),
('219', 'http://co114w.col114.mail.live.com', '<week>', '0', '219', 'I couldn\'t download a file...', '16.1422731433'),
('220', 'http://frenchs.com', '<week>', '0', '220', 'I can\'t print coupons from this browser.', '12.6936250625'),
('221', 'http://bahka.blogspot.com', '4.0b1', '0', '221', 'I can\'t see the comments in a pop-up window by clicking the link below each post =(', '7.03783364684'),
('222', 'http://wsecu.org', '4.0b1', '0', '222', 'it wouldnt load my bank account information or anything after i tried to enter my bank account', '9.33578982351'),
('223', 'http://youth611hk.dnsdojo.com', '4.0b1', '0', '223', 'Firefox unable to jump to another page as told by the header', '7.91735186388'),
('224', 'http://ftp.mozilla.org', '<week>', '0', '224', 'did a download here and firefox 4 froze big time. did not crash CPU', '10.066167639'),
('225', 'http://effectgames.com', '<week>', '0', '225', 'can\'t get this site to work, i think its HTML5', '8.50277972941'),
('226', 'http://xmradio.com', '<week>', '0', '226', 'My streaming XM Radio doesn\'t work now..', '15.9506382593'),
('227', 'http://acid3.org', '<week>', '0', '227', 'Should fulfill acid3 to 100%', '17.4083587674'),
('228', 'http://notarealurl.com', '4.0b2', '0', '228', 'Unable to download Addons with Firefox 4.0 Beta 2 - Build1. Error: \"The add-on could not be downloaded ... connection error...\"', '5.83777308833'),
('229', 'http://mymidiland.tobias-reichert.de', '<week>', '0', '229', 'When I start a mp3 file with firefox the aero design turns into black.', '8.52082829359'),
('230', 'http://candystand.com', '4.0b1', '0', '230', 'flashplayer crashed down ):', '17.7797716226'),
('231', 'http://ndtv.com', '4.0b1', '0', '231', 'its not working in full screen mode.hope u fix it soon', '6.33660432239'),
('232', 'http://candystand.com', '<week>', '0', '232', 'flashplayer crashed down ):', '17.7797716226'),
('233', 'https://sites.google.com', '<week>', '0', '233', 'The photo slideshow at this site won\'t display\"', '12.1839856075'),
('234', 'http://jcrew.com', '<week>', '0', '234', 'Broken images on some sites. Not a huge deal, because I encounter it with other browsers as well, but its usually not an issue with firefox.', '7.60500134672'),
('235', 'http://bbc.co.uk', '4.0b1', '0', '235', 'Can\'t use flash on this site...', '11.8204617777'),
('236', 'http://multiply.com', '4.0b1', '0', '236', '100% cpu usage when browsing', '25.4275524268'),
('237', 'http://inoxmovies.com', '<week>', '0', '237', 'Site is not working fine with inox website', '7.38309156871'),
('238', 'http://superpokepets.com', '<week>', '0', '238', 'while playing this online game took long o load ould not let me go to some parts of the game, keeps slowing down or not load at all .', '5.33696697381'),
('239', 'http://in.mc84.mail.yahoo.com', '4.0b1', '0', '239', 'There is no compose text box in the yahoo mail.', '11.3047439626'),
('240', 'http://hulu.com', '4.0b1', '0', '240', 'No Hulu videos load :(', '15.6553451366'),
('241', 'http://hulu.com', '4.0b1', '0', '240', 'Hulu\'s videos don\'t load at all.', '14.7088645924'),
('242', 'http://hulu.com', '4.0b1', '0', '240', 'won\'t play hulu videos', '13.9744578125'),
('243', 'http://hulu.com', '4.0b1', '0', '240', 'Streaming video on Hulu and Whiskey Media sites (Giant Bomb, Tested, among others) doesn\'t work. Search functions on this also don\'t operate', '7.12424911462'),
('244', 'http://hulu.com', '4.0b1', '0', '244', 'can\'t watch movie at hulu.com', '21.2091985784'),
('245', 'http://hulu.com', '4.0b1', '0', '244', 'I\'m not 100% sure yet, but I think the hulu player on hulu.com doesn\'t work.', '7.47281183125'),
('246', 'http://hulu.com', '4.0b1', '0', '244', 'I have not been able to watch the videos on hulu.', '7.09860655791'),
('247', 'http://npr.org', '4.0b1', '0', '247', 'Entering this website crashes the browser.', '11.6480748877'),
('248', 'http://hulu.com', '<week>', '0', '248', 'I have not been able to watch the videos on hulu.', '7.09860655791'),
('249', 'http://hulu.com', '<week>', '0', '248', 'can\'t watch movie at hulu.com', '21.2091985784'),
('250', 'http://hulu.com', '<week>', '0', '248', 'No Hulu videos load :(', '15.6553451366'),
('251', 'http://hulu.com', '<week>', '0', '248', 'Hulu\'s videos don\'t load at all.', '14.7088645924'),
('252', 'http://hulu.com', '<week>', '0', '248', 'won\'t play hulu videos', '13.9744578125'),
('253', 'http://hulu.com', '<week>', '0', '248', 'I\'m not 100% sure yet, but I think the hulu player on hulu.com doesn\'t work.', '7.47281183125'),
('254', 'http://hulu.com', '<week>', '0', '248', 'Streaming video on Hulu and Whiskey Media sites (Giant Bomb, Tested, among others) doesn\'t work. Search functions on this also don\'t operate', '7.12424911462'),
('255', 'http://antwrp.gsfc.nasa.gov', '4.0b1', '0', '255', 'Text on the page is spaced out too far. Space in between letters is the same as in between words.', '7.03814031653'),
('256', 'http://freehindiradio.com', '4.0b1', '0', '256', 'windows media player 11 not support only support windows media player clasic', '11.3991590731'),
('257', 'http://en.grepolis.com', '4.0b1', '0', '257', 'it doesnt understand webgame called grepololis\'s map', '10.8051721411'),
('258', 'http://pornhub.com', '4.0b1', '0', '258', 'I cant use PornHub :(', '12.0880153318'),
('259', 'http://poolga.com', '<week>', '0', '259', 'Dragging JPG images to the desktop doesn\'t work. The files are corrupt.', '8.03276555627'),
('260', 'http://mailfriends.com', '4.0b1', '0', '260', 'wWebsite (mailfriends dot com)does not work properly. The fonts become very small automatically.', '2.42545015777'),
('261', 'https://business.hsbc.co.uk', '4.0b1', '0', '261', 'Slow slow slow sslow in loading!!!!!!  1344 hrs', '7.09777486034'),
('262', 'http://poolga.com', '4.0b1', '0', '262', 'Dragging JPG images to the desktop doesn\'t work. The files are corrupt.', '8.03276555627'),
('263', 'http://apple.com', '<week>', '0', '263', 'Took so much time to load the page.', '10.0215150749'),
('264', 'http://blogtorwho.blogspot.com', '<week>', '0', '264', 'Top (logo) banner for this page does not display, trying to force a full page reload (shift-reload) has no effect.', '6.82727703853'),
('265', 'http://baguete.com.br', '<week>', '0', '265', 'Can\'t open site, but I can in chrome, also I couldn\'t make my twitter sign up using firefox 4. thx!', '9.21113977913'),
('266', 'http://wsecu.org', '<week>', '0', '266', 'it wouldnt load my bank account information or anything after i tried to enter my bank account', '9.33578982351'),
('267', 'https://input.mozilla.com', '<week>', '0', '267', 'Thats real? I have problems checking the firefox comments in another language, please check it. LOL!', '7.73880456811'),
('268', 'http://amrrc.', '4.0b1', '0', '268', 'images dont open properly in light box', '15.6781636195'),
('269', 'https://input.mozilla.com', '4.0b1', '0', '269', 'Thats real? I have problems checking the firefox comments in another language, please check it. LOL!', '7.73880456811'),
('270', 'http://facebook.com', '4.0b1', '0', '270', 'When the menu bar is in view, not hidden, Facebook\'s chatbar is cut off slightly on the bottom.', '6.78757424301'),
('271', 'http://facebook.com', '4.0b1', '0', '270', 'facebook link sharing doesn\'t work', '17.8355800375'),
('272', 'http://facebook.com', '4.0b1', '0', '270', 'Facebook IM doesn\'t show.', '15.1720246324'),
('273', 'http://facebook.com', '4.0b1', '0', '270', 'unable to use facebook as dosen\'t show graphics', '14.458797889'),
('274', 'http://facebook.com', '4.0b1', '0', '270', 'There is a problem in facebook chat box.', '12.2755191621'),
('275', 'http://facebook.com', '4.0b1', '0', '270', 'The little search bar at the top no longer shows the drop down of what you are currently searching.', '8.25011235977'),
('276', 'http://facebook.com', '4.0b1', '0', '270', 'Unable to post links to Facebook. I have NoScript installed, but nothing is blocked on Facebook.', '8.02383793198'),
('277', 'http://facebook.com', '4.0b1', '0', '270', 'status box disappears if i want to resize it to right in facebook', '7.7487191925'),
('278', 'http://facebook.com', '4.0b1', '0', '270', 'I can\'t download the tool bar for farmville on facebook. I wont be able know when my crop is ready.', '7.58864892323'),
('279', 'http://facebook.com', '4.0b1', '0', '279', 'the chat function is messed up, only with the 4.0 beta', '9.13420227908'),
('280', 'http://facebook.com', '4.0b1', '0', '279', 'A lot of javascript functions such as photo navigation with keyboard and notifications are not working properly.', '9.22929216385'),
('281', 'http://gallery.fellingcc.co.uk', '<week>', '0', '281', 'jquery animations dont seem as smooth', '23.3561185743'),
('282', 'http://unair.ac.id', '4.0b1', '0', '282', 'i can\'t open my campus website', '9.69294309948'),
('283', 'http://facebook.com', '<week>', '0', '283', 'Facebook IM doesn\'t show.', '15.1720246324'),
('284', 'http://facebook.com', '<week>', '0', '283', 'facebook link sharing doesn\'t work', '17.8355800375'),
('285', 'http://facebook.com', '<week>', '0', '283', 'unable to use facebook as dosen\'t show graphics', '14.458797889'),
('286', 'http://facebook.com', '<week>', '0', '283', 'There is a problem in facebook chat box.', '12.2755191621'),
('287', 'http://facebook.com', '<week>', '0', '283', 'Unable to post links to Facebook. I have NoScript installed, but nothing is blocked on Facebook.', '8.02383793198'),
('288', 'http://facebook.com', '<week>', '0', '283', 'status box disappears if i want to resize it to right in facebook', '7.7487191925'),
('289', 'http://facebook.com', '<week>', '0', '283', 'I can\'t download the tool bar for farmville on facebook. I wont be able know when my crop is ready.', '7.58864892323'),
('290', 'http://facebook.com', '<week>', '0', '283', 'When the menu bar is in view, not hidden, Facebook\'s chatbar is cut off slightly on the bottom.', '6.78757424301'),
('291', 'http://facebook.com', '<week>', '0', '291', 'A lot of javascript functions such as photo navigation with keyboard and notifications are not working properly.', '9.22929216385'),
('292', 'http://facebook.com', '<week>', '0', '291', 'the chat function is messed up, only with the 4.0 beta', '9.13420227908'),
('293', 'http://ndtv.com', '<week>', '0', '293', 'its not working in full screen mode.hope u fix it soon', '6.33660432239'),
('294', 'http://megaman.wikia.com', '<week>', '0', '294', 'it would show the page, then go to blank page', '8.15954138495'),
('295', 'http://shop.timeproducts.com.au', '<week>', '0', '295', 'Not sure if I have to select a different encoding type, but I seem be getting a few odd characters/symbols on some web pages?', '5.94944301174'),
('296', 'https://paypal.com', '4.0b1', '0', '296', 'Massively long time to load at 0811 hrs UK GMT time', '6.87769378779'),
('297', 'http://netflix.com', '4.0b1', '0', '297', 'Can\'t watch streaming netflix w/ firefox 4 :(', '15.4710375135'),
('298', 'http://netflix.com', '4.0b1', '0', '297', 'It isn\'t letting me watch Netflix Instant Watch movies online', '16.2484348474'),
('299', 'http://netflix.com', '4.0b1', '0', '297', 'I can\'t watch my Netflix movies.', '14.4052847016'),
('300', 'http://orkut.com', '4.0b1', '0', '300', 'incompatible with new orkut', '14.5169618986');
INSERT INTO `website_issues_cluster` VALUES
('301', 'http://orkut.com', '4.0b1', '0', '300', 'I can\'t use the new orkut.', '11.2040286741'),
('302', 'http://orkut.com', '4.0b1', '0', '300', 'can\'t open the new version of the following site', '9.41215690259'),
('303', 'http://news.com.au', '<week>', '0', '303', 'The front page is not displaying correctly under the \"National & Local\" section.', '7.34498972624'),
('304', 'http://google.co.in', '<week>', '0', '304', 'nt able to do google search', '16.9696551765'),
('305', 'http://news.sky.com', '<week>', '0', '305', 'I use the liveNews feed BUT get a frozen Pic audio continues, when open windows task manager \"end task\" but only when cancel is used pic OK?', '6.24441349904'),
('306', 'http://selwynformayor.com', '4.0b1', '0', '306', 'Your feedback system leads a lot of work. The screen is too small and one cannot edit it very well I cannot load my website properly and IA.', '5.94286036637'),
('307', 'http://freerangekids.wordpress.com', '4.0b1', '0', '307', 'When loading a page on this site, all interface elements (of Firefox) are inoperative for 5-10 seconds.', '9.61995826343'),
('308', 'http://mail.google.com', '4.0b1', '0', '308', 'The interaction with the text area for composing mail when replying messages in Gmail is very slow and the scroll mostly doesn\'t work', '6.48234453315'),
('309', 'http://jovempanfm.virgula.uol.com.br', '<week>', '0', '309', 'Unable to load Adobe Flash plugin... example below but it could be any page that uses flash.', '9.96344277855'),
('310', 'http://ustream.tv', '<week>', '0', '310', 'FF4 won\'t load the drivers.', '19.1535218497'),
('311', 'http://in.bookmyshow.com', '<week>', '0', '311', 'This website does not display properly in Firefox.', '9.96208707803'),
('312', 'http://mailfriends.com', '<week>', '0', '312', 'wWebsite (mailfriends dot com)does not work properly. The fonts become very small automatically.', '2.42545015777'),
('313', 'https://business.hsbc.co.uk', '<week>', '0', '313', 'Slow slow slow sslow in loading!!!!!!  1344 hrs', '7.09777486034'),
('314', 'http://listen.grooveshark.com', '4.0b1', '0', '314', 'Keyboard shortcuts (Ctrl-T, Alt-D) do not work while on grooveshark.com', '4.97182994332'),
('315', 'http://google.co.uk', '4.0b1', '0', '315', 'Seems to loose search terms when pressing the search button on the search results page.', '7.17315557734'),
('316', 'http://apple.com', '4.0b1', '0', '316', 'Took so much time to load the page.', '10.0215150749'),
('317', 'http://listen.grooveshark.com', '<week>', '0', '317', 'Keyboard shortcuts (Ctrl-T, Alt-D) do not work while on grooveshark.com', '4.97182994332'),
('318', 'http://orkut.co.in', '4.0b1', '0', '318', 'Firefox 4 beta 1 is not supporting new orkut. It\'s opening the older version of orkut only. Please resolve this issue soon.', '7.85187148023'),
('319', 'http://fairview.deadfrontier.com', '4.0b1', '0', '319', 'Cannot load browser game.', '12.9551871719'),
('320', 'http://gmail.com', '4.0b1', '0', '320', 'Writing an email felt really slow, it looked like the letters were shown to late', '10.8883109557'),
('321', 'http://beta.bbc.co.uk', '4.0b1', '0', '321', 'on the Mac version, During Full Screen playback of a flash video, the top menu bar does not dissapear.', '6.9544123294'),
('322', 'http://devryu.net', '<week>', '0', '322', 'can\'t use pulldown menu to click on a subpage to grade students devryuniversity', '4.62227875063'),
('323', 'http://frenchs.com', '4.0b1', '0', '323', 'I can\'t print coupons from this browser.', '12.6936250625'),
('324', 'http://bb.com.br', '<week>', '0', '324', 'Plugins não conpativeis com o navegador', '23.0467462354'),
('325', 'http://dabate.com', '<week>', '0', '325', 'Even though I installed wmp add-on some website had issue', '15.4721203795'),
('326', 'https://ing.nl', '4.0b1', '0', '326', 'Pagina wordt niet geladen De pagina kan helaas niet binnen deze browser worden getoond. De ING adviseert u om een andere browser te gebruike', '0'),
('327', 'http://wowarmory.com', '4.0b1', '0', '327', 'I cant see  the description float of items', '12.2549454237'),
('328', 'http://xmradio.com', '4.0b1', '0', '328', 'My streaming XM Radio doesn\'t work now..', '15.9506382593'),
('329', 'https://ing.nl', '<week>', '0', '329', 'Pagina wordt niet geladen De pagina kan helaas niet binnen deze browser worden getoond. De ING adviseert u om een andere browser te gebruike', '0'),
('330', 'https://services.aamc.org', '4.0b1', '0', '330', 'This site isn\'t compatible!', '13.6021931567'),
('331', 'http://home.live.com', '<week>', '0', '331', 'Firefox sometimes doesn\'t render the Windows Live Home page properly.  Sometimes a refresh will fix the problem and other times it doesn\'t.', '7.33420354956');

DROP TABLE IF EXISTS `website_issues_cluster_summary`;
CREATE TABLE `website_issues_cluster_summary` (
   `cluster_id` INT(10) UNSIGNED  NOT NULL PRIMARY KEY, 
           `url` varchar(100) NOT NULL,
           `version` varchar(30) NOT NULL,
           `positive` tinyint(1) NOT NULL,
           INDEX (`url`),
          `site_summary_id` INT(10) UNSIGNED NOT NULL,       
          INDEX(`site_summary_id`),
          `cluster_size` INT(10) UNSIGNED NOT NULL,
          `primary_description` longtext NOT NULL
) ENGINE=MyISAM DEFAULT CHARSET=utf8
;
ALTER TABLE `website_issues_cluster_summary` DISABLE KEYS;
INSERT INTO `website_issues_cluster_summary` VALUES
('1', 'http://tw.mall.yahoo.com', '<week>', '0', '1', '1', 'web page display unnormailly'),
('4', 'http://accuweather.com', '4.0b1', '0', '3', '1', 'Page did not display properly'),
('6', 'http://bbc.co.uk', '<week>', '0', '4', '1', 'Can\'t use flash on this site...'),
('7', 'https://paypal.com', '<week>', '0', '5', '1', 'Massively long time to load at 0811 hrs UK GMT time'),
('8', 'http://ie.microsoft.com', '<week>', '0', '6', '1', 'It can\'t run canvas faster than IE or Chrome'),
('9', 'http://www2.webkit.org', '4.0b2', '0', '7', '1', 'non si visualizza bene l\'analisi.'),
('11', 'http://ie.microsoft.com', '4.0b1', '0', '8', '1', 'It can\'t run canvas faster than IE or Chrome'),
('12', 'http://sys.4chan.org', '<week>', '0', '9', '1', 'it doesn\'t load'),
('13', 'http://home.live.com', '4.0b1', '0', '10', '1', 'Firefox sometimes doesn\'t render the Windows Live Home page properly.  Sometimes a refresh will fix the problem and other times it doesn\'t.'),
('172', 'http://elaph.com', '4.0b1', '0', '11', '1', 'The web page does not display properly on firefox, but it does on explorer'),
('165', 'http://superpokepets.com', '4.0b1', '0', '12', '1', 'while playing this online game took long o load ould not let me go to some parts of the game, keeps slowing down or not load at all .'),
('191', 'http://www2.webkit.org', '<week>', '0', '13', '1', 'non si visualizza bene l\'analisi.'),
('103', 'http://toolbar.zynga.com', '4.0b1', '0', '15', '1', 'it is not compatable with the facebook game toolbar from zynga games'),
('17', 'http://trade.bankleumi.co.il', '<week>', '0', '16', '1', 'my bank site doesn\'t work properly'),
('18', 'https://ideal.abnamro.nl', '4.0b1', '0', '17', '1', 'when trying to pay with ideal for abn amro you cant go further and finsh the payment'),
('19', 'http://zillow.com', '4.0b1', '0', '18', '1', 'Page is not loading properly'),
('20', 'http://pt.ikariam.com', '<week>', '0', '19', '1', 'I can\'t open the facebook login interface for the game Ikariam'),
('21', 'http://students.heinz.cmu.edu', '<week>', '0', '20', '1', 'cannot open pdf file - zeon plus plugin has crashed'),
('22', 'http://google.co.uk', '<week>', '0', '21', '1', 'Seems to loose search terms when pressing the search button on the search results page.'),
('24', 'http://downloadsquad.com', '<week>', '0', '23', '1', 'The Firefox Button should be inline with the tab bar to save space, like shown in the article in the url:'),
('25', 'http://cnn.com', '4.0b1', '0', '24', '1', 'video didnt load'),
('40', 'http://jamendo.com', '<week>', '0', '25', '1', 'kept reloading this page:'),
('27', 'http://downloadsquad.com', '4.0b1', '0', '26', '1', 'The Firefox Button should be inline with the tab bar to save space, like shown in the article in the url:'),
('28', 'http://asriel.de', '<week>', '0', '27', '1', 'Die Seite erscheint erst nach einem Reload. Dann funktioniert sie normal.'),
('86', 'http://antwrp.gsfc.nasa.gov', '<week>', '0', '28', '1', 'Text on the page is spaced out too far. Space in between letters is the same as in between words.'),
('31', 'http://acid3.org', '4.0b1', '0', '29', '1', 'Should fulfill acid3 to 100%'),
('163', 'http://miniclip.com', '4.0b1', '0', '30', '1', 'flash work load slow'),
('59', 'http://intomobile.com', '<week>', '0', '31', '1', 'Page content disappears when approx 75% loaded while browsing news stories'),
('33', 'http://clippercard.com', '<week>', '0', '33', '1', 'This site doesn\'t seem to work.'),
('34', 'https://services.aamc.org', '<week>', '0', '34', '1', 'This site isn\'t compatible!'),
('35', 'http://express.com.pk', '4.0b1', '0', '35', '1', 'not open properly'),
('37', 'http://multiply.com', '<week>', '0', '36', '1', '100% cpu usage when browsing'),
('38', 'http://inoxmovies.com', '4.0b1', '0', '37', '1', 'Site is not working fine with inox website'),
('108', 'http://mymidiland.tobias-reichert.de', '4.0b1', '0', '38', '1', 'When I start a mp3 file with firefox the aero design turns into black.'),
('42', 'https://bancobcr.com', '<week>', '0', '40', '1', 'Firefox sai that do not find the action script in the web below'),
('270', 'http://facebook.com', '4.0b1', '0', '41', '9', 'When the menu bar is in view, not hidden, Facebook\'s chatbar is cut off slightly on the bottom.'),
('279', 'http://facebook.com', '4.0b1', '0', '41', '2', 'the chat function is messed up, only with the 4.0 beta'),
('44', 'http://sys.4chan.org', '4.0b1', '0', '42', '1', 'it doesn\'t load'),
('45', 'https://bancobcr.com', '4.0b1', '0', '43', '1', 'Firefox sai that do not find the action script in the web below'),
('46', 'http://en.grepolis.com', '<week>', '0', '44', '1', 'it doesnt understand webgame called grepololis\'s map'),
('255', 'http://antwrp.gsfc.nasa.gov', '4.0b1', '0', '45', '1', 'Text on the page is spaced out too far. Space in between letters is the same as in between words.'),
('48', 'http://filehippo.com', '4.0b1', '0', '46', '1', 'Lots of 404 not found and it was not page or connection related.'),
('49', 'http://i28.tinypic.com', '4.0b1', '0', '47', '1', 'For some reason, I\'ve had another Firefox application open - nothing happens when I click Firefox in the menu bar on the application.'),
('50', 'http://jovempanfm.virgula.uol.com.br', '4.0b1', '0', '48', '1', 'Unable to load Adobe Flash plugin... example below but it could be any page that uses flash.'),
('51', 'http://mangafox.com', '4.0b1', '0', '50', '1', 'Site complains about server error, but works fine with other browsers'),
('52', 'http://dabate.com', '4.0b1', '0', '51', '1', 'Even though I installed wmp add-on some website had issue'),
('53', 'http://runescape.com', '<week>', '0', '52', '1', 'I was just hopeing that runescape would run better.  Its probably not your fault.'),
('54', 'http://a.imageshack.us', '<week>', '0', '53', '1', 'Menu button is showing over the address box when in a tab free window (link says it all).'),
('55', 'http://zillow.com', '<week>', '0', '54', '1', 'Page is not loading properly'),
('56', 'http://runescape.com', '4.0b1', '0', '55', '1', 'I was just hopeing that runescape would run better.  Its probably not your fault.'),
('57', 'http://toolbar.zynga.com', '<week>', '0', '56', '1', 'it is not compatable with the facebook game toolbar from zynga games'),
('58', 'http://img517.imageshack.us', '<week>', '0', '57', '1', 'I\'ve made a picture of the issue:'),
('101', 'http://gmail.com', '<week>', '0', '59', '1', 'Writing an email felt really slow, it looked like the letters were shown to late'),
('60', 'http://cnn.com', '<week>', '0', '60', '1', 'video didnt load'),
('61', 'http://ch-ching.com', '<week>', '0', '61', '1', 'back button stop working'),
('62', 'http://youtube.com', '<week>', '0', '62', '9', 'youtube videos seem to have a large negative effect on it'),
('71', 'http://youtube.com', '<week>', '0', '62', '2', 'Firefox jammed. It turned out nonresponsive when I tryed to close it.'),
('73', 'http://youtube.com', '<week>', '0', '62', '2', 'Crashed multiple times'),
('75', 'http://ch-ching.com', '4.0b1', '0', '63', '1', 'back button stop working'),
('76', 'http://amrrc.', '<week>', '0', '64', '1', 'images dont open properly in light box'),
('77', 'https://mail.google.com', '<week>', '0', '65', '1', 'This new version does not work with the googlemail standard view. It only works with the basic HTML view'),
('78', 'http://gallery.me.com', '4.0b1', '0', '66', '1', 'Quicktime Videos laufen anscheinend (noch) nicht'),
('79', 'http://tishreen.info', '4.0b1', '0', '67', '1', 'It seems like this, BETA, version has an issue with some webs where , seems like, some scripts conflicts with COPY\\PASTE  procedure.'),
('80', 'https://mail.google.com', '4.0b1', '0', '68', '1', 'This new version does not work with the googlemail standard view. It only works with the basic HTML view'),
('81', 'http://unair.ac.id', '<week>', '0', '69', '1', 'i can\'t open my campus website'),
('82', 'http://bb.com.br', '4.0b2', '0', '70', '1', 'Plugins não conpativeis com o navegador'),
('2', 'http://jamendo.com', '4.0b1', '0', '71', '1', 'kept reloading this page:'),
('213', 'http://trade.bankleumi.co.il', '4.0b1', '0', '72', '1', 'my bank site doesn\'t work properly'),
('85', 'http://everybodyedits.com', '4.0b1', '0', '73', '1', 'Screen instanly goes blank.'),
('221', 'http://bahka.blogspot.com', '4.0b1', '0', '75', '1', 'I can\'t see the comments in a pop-up window by clicking the link below each post =('),
('87', 'http://express.com.pk', '<week>', '0', '76', '1', 'not open properly'),
('88', 'http://everybodyedits.com', '<week>', '0', '77', '1', 'Screen instanly goes blank.'),
('14', 'http://wegotserved.com', '<week>', '0', '78', '1', 'It won\'t load a site'),
('170', 'http://creep.ru', '<week>', '0', '79', '1', 'gtranslate was not working in firefox 4'),
('90', 'http://wegotserved.com', '4.0b1', '0', '80', '1', 'It won\'t load a site'),
('132', 'http://aajkal.com.pk', '4.0b1', '0', '81', '1', 'website is not opening prperly'),
('91', 'http://selwynformayor.com', '<week>', '0', '82', '1', 'Your feedback system leads a lot of work. The screen is too small and one cannot edit it very well I cannot load my website properly and IA.'),
('92', 'http://adserving.cpxinteractive.com', '<week>', '0', '83', '1', 'spam/advertising'),
('94', 'http://petalia.org', '4.0b1', '0', '84', '1', 'can hear the voce of page'),
('95', 'http://adserving.cpxinteractive.com', '4.0b1', '0', '85', '1', 'spam/advertising'),
('318', 'http://orkut.co.in', '4.0b1', '0', '86', '1', 'Firefox 4 beta 1 is not supporting new orkut. It\'s opening the older version of orkut only. Please resolve this issue soon.'),
('97', 'http://af.messzevan.hu', '<week>', '0', '87', '1', 'The chat window disapperars behind the top of the screen. Previous versions of the browser offered a nice scrollbar. See screenshot in url.'),
('98', 'http://pt.ikariam.com', '4.0b1', '0', '88', '1', 'I can\'t open the facebook login interface for the game Ikariam'),
('99', 'http://a.imageshack.us', '4.0b1', '0', '89', '1', 'Menu button is showing over the address box when in a tab free window (link says it all).'),
('100', 'http://youth611hk.dnsdojo.com', '<week>', '0', '90', '1', 'Firefox unable to jump to another page as told by the header'),
('140', 'http://freehindiradio.com', '<week>', '0', '91', '1', 'windows media player 11 not support only support windows media player clasic'),
('102', 'http://reckoningthegame.com', '<week>', '0', '92', '1', 'This site did not load or is taking way too long.'),
('16', 'http://bahka.blogspot.com', '<week>', '0', '93', '1', 'I can\'t see the comments in a pop-up window by clicking the link below each post =('),
('104', 'http://img517.imageshack.us', '4.0b1', '0', '94', '1', 'I\'ve made a picture of the issue:'),
('105', 'http://reckoningthegame.com', '4.0b1', '0', '95', '1', 'This site did not load or is taking way too long.'),
('106', 'http://beta.bbc.co.uk', '<week>', '0', '96', '1', 'on the Mac version, During Full Screen playback of a flash video, the top menu bar does not dissapear.'),
('107', 'http://freerangekids.wordpress.com', '<week>', '0', '97', '1', 'When loading a page on this site, all interface elements (of Firefox) are inoperative for 5-10 seconds.'),
('39', 'http://istoretn.com', '<week>', '0', '98', '1', 'the site does not  completely apear'),
('109', 'https://citibank.se', '4.0b1', '0', '99', '1', 'Cannot login. Works with IE8'),
('110', 'http://youtube.com', '4.0b1', '0', '100', '6', 'Flash keeps crashing every 30 minutes... Mac OSX 10.6.4'),
('116', 'http://youtube.com', '4.0b1', '0', '100', '4', 'HD video on YouTube is choppy...it plays, but the video freezes while audio continues, and this works fine in other browsers on my pc'),
('120', 'http://youtube.com', '4.0b1', '0', '100', '2', 'Youtube-Videos have repeatedly misfire.'),
('122', 'http://youtube.com', '4.0b1', '0', '100', '2', 'sometimes i cant hear sound from youtube so i need close firefox and restart it.'),
('124', 'http://co124w.col124.mail.live.com', '4.0b1', '0', '101', '1', 'frequently crasing & also speed too much slow while browsing compared to version 3.6 i generally used'),
('125', 'http://teslamotors.com', '<week>', '0', '102', '1', 'I couldn´t see the movies on page');
INSERT INTO `website_issues_cluster_summary` VALUES
('126', 'http://gallery.me.com', '<week>', '0', '104', '1', 'Quicktime Videos laufen anscheinend (noch) nicht'),
('127', 'http://teslamotors.com', '4.0b1', '0', '105', '1', 'I couldn´t see the movies on page'),
('329', 'https://ing.nl', '<week>', '0', '106', '1', 'Pagina wordt niet geladen De pagina kan helaas niet binnen deze browser worden getoond. De ING adviseert u om een andere browser te gebruike'),
('10', 'http://docs.jboss.org', '<week>', '0', '107', '1', 'An image is displayed in the wrong location'),
('129', 'http://asriel.de', '4.0b2', '0', '108', '1', 'Die Seite erscheint erst nach einem Reload. Dann funktioniert sie normal.'),
('130', 'http://accuweather.com', '<week>', '0', '109', '1', 'Page did not display properly'),
('96', 'http://192.168.1.1', '<week>', '0', '110', '1', 'it gets stuck when I try to enter my router configuration'),
('131', 'http://laraparentphotography.com', '4.0b1', '0', '111', '1', 'when you click on clients, you can\'t enter in the password.  When I tried FF 3.6.6 it worked fine.'),
('133', 'http://zelda.wikia.com', '4.0b1', '0', '113', '1', 'It keeps on refrshing the page Zeldapedia'),
('134', 'http://ameblo.jp', '4.0b1', '0', '114', '1', 'Pages on blogs such as the one referenced are so much slower scrolling in than before the 3.x versions. Sea Monkey is super fast. FF is not!'),
('135', 'http://farmville.com', '<week>', '0', '115', '1', 'keeps getting stuck and have to refresh to continue on page'),
('136', 'http://logitech.com', '4.0b1', '0', '116', '1', 'Can\'t yet auto-detect my Logitech game controller'),
('137', 'http://wowarmory.com', '<week>', '0', '117', '1', 'I cant see  the description float of items'),
('177', 'http://orkut.com.br', '4.0b1', '0', '118', '1', 'deu esse erro Malformed security token e=AHbhhgqot%2FU%2FPVrX%2B1Uyt0ebOKC8gTF0RcRliGvjpOPEAdS5I4ltfrVi2Wxa9yExDlEjN%2BBI%2Fk7gDOAr5jzTYsYRX'),
('36', 'http://petalia.org', '<week>', '0', '119', '1', 'can hear the voce of page'),
('141', 'http://translate.google.com', '<week>', '0', '120', '1', 'Resizable text box looks and behave weird'),
('142', 'http://news.com.au', '4.0b1', '0', '121', '1', 'The front page is not displaying correctly under the \"National & Local\" section.'),
('143', 'http://miniclip.com', '<week>', '0', '122', '1', 'flash work load slow'),
('144', 'http://translate.google.com', '4.0b1', '0', '123', '1', 'Resizable text box looks and behave weird'),
('186', 'http://orkut.co.in', '<week>', '0', '124', '1', 'Firefox 4 beta 1 is not supporting new orkut. It\'s opening the older version of orkut only. Please resolve this issue soon.'),
('146', 'http://catb.org', '<week>', '0', '125', '1', 'The text is all screwed up with symbols and the sides have white colored text instead of black.'),
('247', 'http://npr.org', '4.0b1', '0', '126', '1', 'Entering this website crashes the browser.'),
('148', 'http://effectgames.com', '4.0b1', '0', '127', '1', 'can\'t get this site to work, i think its HTML5'),
('187', 'http://acid3.acidtests.org', '4.0b2', '0', '128', '1', 'acid3 is not 100%. about FF 4 is really impossibile (for me)!'),
('150', 'http://intomobile.com', '4.0b1', '0', '129', '1', 'Page content disappears when approx 75% loaded while browsing news stories'),
('151', 'http://google.be', '<week>', '0', '130', '1', 'the search string dissapears when i search google. I can search but the box with the searchstring is always empty'),
('152', 'http://hotmail.com', '4.0b1', '0', '131', '3', 'Forward/Reply email in hotmail STILL disappearing with Firefox. Seriously, how long does this issue have to go on for?'),
('155', 'http://gamekult.com', '<week>', '0', '132', '1', 'The text is not aligned normaly for the news.'),
('307', 'http://freerangekids.wordpress.com', '4.0b1', '0', '133', '1', 'When loading a page on this site, all interface elements (of Firefox) are inoperative for 5-10 seconds.'),
('157', 'http://hotmail.com', '<week>', '0', '134', '3', 'Forward/Reply email in hotmail STILL disappearing with Firefox. Seriously, how long does this issue have to go on for?'),
('160', 'http://hmv.com', '4.0b1', '0', '135', '1', 'Could not play trailer for game even after downloading plug in.'),
('161', 'https://sites.google.com', '4.0b1', '0', '136', '1', 'The photo slideshow at this site won\'t display\"'),
('162', 'http://notarealurl.com', '<week>', '0', '137', '1', 'Unable to download Addons with Firefox 4.0 Beta 2 - Build1. Error: \"The add-on could not be downloaded ... connection error...\"'),
('5', 'http://clippercard.com', '4.0b1', '0', '138', '1', 'This site doesn\'t seem to work.'),
('214', 'https://ideal.abnamro.nl', '<week>', '0', '139', '1', 'when trying to pay with ideal for abn amro you cant go further and finsh the payment'),
('164', 'http://tishreen.info', '<week>', '0', '140', '1', 'It seems like this, BETA, version has an issue with some webs where , seems like, some scripts conflicts with COPY\\PASTE  procedure.'),
('15', 'http://fairview.deadfrontier.com', '<week>', '0', '141', '1', 'Cannot load browser game.'),
('166', 'http://netflix.com', '<week>', '0', '142', '3', 'Can\'t watch streaming netflix w/ firefox 4 :('),
('26', 'http://orkut.com.br', '<week>', '0', '143', '1', 'deu esse erro Malformed security token e=AHbhhgqot%2FU%2FPVrX%2B1Uyt0ebOKC8gTF0RcRliGvjpOPEAdS5I4ltfrVi2Wxa9yExDlEjN%2BBI%2Fk7gDOAr5jzTYsYRX'),
('41', 'http://docs.jboss.org', '4.0b1', '0', '144', '1', 'An image is displayed in the wrong location'),
('171', 'http://giantbomb.com', '<week>', '0', '145', '1', 'Videos on Giantbomb.com do not work :('),
('173', 'http://giantbomb.com', '4.0b1', '0', '146', '1', 'Videos on Giantbomb.com do not work :('),
('174', 'http://epaper.kompas.com', '4.0b1', '0', '147', '1', 'always can\'t display the image when i want to read my online version of this newspaper, this online newspaper is using softpress'),
('176', 'http://mail.google.com', '<week>', '0', '148', '1', 'The interaction with the text area for composing mail when replying messages in Gmail is very slow and the scroll mostly doesn\'t work'),
('315', 'http://google.co.uk', '4.0b1', '0', '149', '1', 'Seems to loose search terms when pressing the search button on the search results page.'),
('83', 'http://gmx.net', '<week>', '0', '150', '1', 'All my Mails in GMX are unformated with Firefox via the Webmail INterface. With IE8 everything is OK.'),
('308', 'http://mail.google.com', '4.0b1', '0', '151', '1', 'The interaction with the text area for composing mail when replying messages in Gmail is very slow and the scroll mostly doesn\'t work'),
('178', 'http://blinkk2.blogspot.com', '4.0b1', '0', '152', '1', 'The browser wont display my java script. IE displays it perfectly. The script is from whos.amung.us and it\'s rather popular.'),
('128', 'http://creep.ru', '4.0b1', '0', '153', '1', 'gtranslate was not working in firefox 4'),
('180', 'http://ftp.mozilla.org', '4.0b1', '0', '154', '1', 'did a download here and firefox 4 froze big time. did not crash CPU'),
('181', 'http://filehippo.com', '<week>', '0', '155', '1', 'Lots of 404 not found and it was not page or connection related.'),
('182', 'http://i28.tinypic.com', '<week>', '0', '156', '1', 'For some reason, I\'ve had another Firefox application open - nothing happens when I click Firefox in the menu bar on the application.'),
('183', 'http://co114w.col114.mail.live.com', '4.0b1', '0', '157', '1', 'I couldn\'t download a file...'),
('184', 'http://blogtorwho.blogspot.com', '4.0b1', '0', '158', '1', 'Top (logo) banner for this page does not display, trying to force a full page reload (shift-reload) has no effect.'),
('185', 'http://baguete.com.br', '4.0b1', '0', '159', '1', 'Can\'t open site, but I can in chrome, also I couldn\'t make my twitter sign up using firefox 4. thx!'),
('145', 'http://jcrew.com', '4.0b1', '0', '160', '1', 'Broken images on some sites. Not a huge deal, because I encounter it with other browsers as well, but its usually not an issue with firefox.'),
('23', 'http://mangafox.com', '<week>', '0', '161', '1', 'Site complains about server error, but works fine with other browsers'),
('188', 'http://af.messzevan.hu', '4.0b1', '0', '162', '1', 'The chat window disapperars behind the top of the screen. Previous versions of the browser offered a nice scrollbar. See screenshot in url.'),
('189', 'http://devryu.net', '4.0b1', '0', '163', '1', 'can\'t use pulldown menu to click on a subpage to grade students devryuniversity'),
('190', 'http://catb.org', '4.0b1', '0', '164', '1', 'The text is all screwed up with symbols and the sides have white colored text instead of black.'),
('89', 'http://npr.org', '<week>', '0', '165', '1', 'Entering this website crashes the browser.'),
('3', 'http://sn137w.snt137.mail.live.com', '4.0b1', '0', '168', '1', 'Can it saupport Hotmail???'),
('239', 'http://in.mc84.mail.yahoo.com', '4.0b1', '0', '169', '1', 'There is no compose text box in the yahoo mail.'),
('194', 'http://gamekult.com', '4.0b1', '0', '171', '1', 'The text is not aligned normaly for the news.'),
('195', 'http://tw.mall.yahoo.com', '4.0b1', '0', '172', '1', 'web page display unnormailly'),
('196', 'http://ccee.edu.uy', '4.0b1', '0', '173', '1', 'demora en descargar pdf'),
('197', 'http://co124w.col124.mail.live.com', '<week>', '0', '174', '1', 'frequently crasing & also speed too much slow while browsing compared to version 3.6 i generally used'),
('198', 'http://hmv.com', '<week>', '0', '175', '1', 'Could not play trailer for game even after downloading plug in.'),
('199', 'http://ccee.edu.uy', '<week>', '0', '176', '1', 'demora en descargar pdf'),
('84', 'http://ox.ac.uk', '<week>', '0', '177', '1', 'thin white fonts on dark background are garbled when cleartype font smoothing is on. this only happens on FF, other browsers work fine'),
('201', 'http://google.co.in', '4.0b1', '0', '178', '1', 'nt able to do google search'),
('202', 'http://news.sky.com', '4.0b1', '0', '179', '1', 'I use the liveNews feed BUT get a frozen Pic audio continues, when open windows task manager \"end task\" but only when cancel is used pic OK?'),
('203', 'http://uberreview.com', '4.0b1', '0', '180', '1', 'Something froze this tab - the back button doesn\'t work'),
('93', 'http://aajkal.com.pk', '<week>', '0', '181', '1', 'website is not opening prperly'),
('205', 'http://ustream.tv', '4.0b1', '0', '182', '1', 'FF4 won\'t load the drivers.'),
('206', 'http://uberreview.com', '<week>', '0', '183', '1', 'Something froze this tab - the back button doesn\'t work'),
('207', 'http://elaph.com', '<week>', '0', '184', '1', 'The web page does not display properly on firefox, but it does on explorer'),
('209', 'http://pornhub.com', '<week>', '0', '186', '1', 'I cant use PornHub :('),
('210', 'http://epaper.kompas.com', '<week>', '0', '187', '1', 'always can\'t display the image when i want to read my online version of this newspaper, this online newspaper is using softpress'),
('323', 'http://frenchs.com', '4.0b1', '0', '188', '1', 'I can\'t print coupons from this browser.'),
('211', 'http://ameblo.jp', '<week>', '0', '189', '1', 'Pages on blogs such as the one referenced are so much slower scrolling in than before the 3.x versions. Sea Monkey is super fast. FF is not!'),
('212', 'http://in.bookmyshow.com', '4.0b1', '0', '190', '1', 'This website does not display properly in Firefox.'),
('30', 'http://192.168.1.1', '4.0b1', '0', '191', '1', 'it gets stuck when I try to enter my router configuration'),
('32', 'http://zelda.wikia.com', '<week>', '0', '192', '1', 'It keeps on refrshing the page Zeldapedia'),
('215', 'http://blinkk2.blogspot.com', '<week>', '0', '193', '1', 'The browser wont display my java script. IE displays it perfectly. The script is from whos.amung.us and it\'s rather popular.'),
('216', 'http://orkut.com', '<week>', '0', '194', '3', 'can\'t open the new version of the following site'),
('219', 'http://co114w.col114.mail.live.com', '<week>', '0', '195', '1', 'I couldn\'t download a file...'),
('220', 'http://frenchs.com', '<week>', '0', '196', '1', 'I can\'t print coupons from this browser.'),
('222', 'http://wsecu.org', '4.0b1', '0', '197', '1', 'it wouldnt load my bank account information or anything after i tried to enter my bank account'),
('223', 'http://youth611hk.dnsdojo.com', '4.0b1', '0', '198', '1', 'Firefox unable to jump to another page as told by the header'),
('224', 'http://ftp.mozilla.org', '<week>', '0', '199', '1', 'did a download here and firefox 4 froze big time. did not crash CPU'),
('225', 'http://effectgames.com', '<week>', '0', '200', '1', 'can\'t get this site to work, i think its HTML5'),
('226', 'http://xmradio.com', '<week>', '0', '201', '1', 'My streaming XM Radio doesn\'t work now..'),
('227', 'http://acid3.org', '<week>', '0', '202', '1', 'Should fulfill acid3 to 100%'),
('228', 'http://notarealurl.com', '4.0b2', '0', '203', '1', 'Unable to download Addons with Firefox 4.0 Beta 2 - Build1. Error: \"The add-on could not be downloaded ... connection error...\"'),
('139', 'http://istoretn.com', '4.0b1', '0', '204', '1', 'the site does not  completely apear'),
('230', 'http://candystand.com', '4.0b1', '0', '205', '1', 'flashplayer crashed down ):'),
('231', 'http://ndtv.com', '4.0b1', '0', '206', '1', 'its not working in full screen mode.hope u fix it soon'),
('232', 'http://candystand.com', '<week>', '0', '207', '1', 'flashplayer crashed down ):'),
('233', 'https://sites.google.com', '<week>', '0', '208', '1', 'The photo slideshow at this site won\'t display\"');
INSERT INTO `website_issues_cluster_summary` VALUES
('193', 'http://students.heinz.cmu.edu', '4.0b1', '0', '209', '1', 'cannot open pdf file - zeon plus plugin has crashed'),
('149', 'http://farmville.com', '4.0b1', '0', '210', '1', 'keeps getting stuck and have to refresh to continue on page'),
('236', 'http://multiply.com', '4.0b1', '0', '211', '1', '100% cpu usage when browsing'),
('237', 'http://inoxmovies.com', '<week>', '0', '212', '1', 'Site is not working fine with inox website'),
('238', 'http://superpokepets.com', '<week>', '0', '214', '1', 'while playing this online game took long o load ould not let me go to some parts of the game, keeps slowing down or not load at all .'),
('138', 'http://ox.ac.uk', '4.0b1', '0', '215', '1', 'thin white fonts on dark background are garbled when cleartype font smoothing is on. this only happens on FF, other browsers work fine'),
('240', 'http://hulu.com', '4.0b1', '0', '217', '4', 'No Hulu videos load :('),
('244', 'http://hulu.com', '4.0b1', '0', '217', '3', 'can\'t watch movie at hulu.com'),
('208', 'http://tvshack.cc', '4.0b1', '0', '218', '1', 'Stronger pop-up protection is needed, especially over the TvShack web-sites where most, and some random unassociated ones, are experienced.'),
('248', 'http://hulu.com', '<week>', '0', '220', '7', 'I have not been able to watch the videos on hulu.'),
('261', 'https://business.hsbc.co.uk', '4.0b1', '0', '221', '1', 'Slow slow slow sslow in loading!!!!!!  1344 hrs'),
('320', 'http://gmail.com', '4.0b1', '0', '222', '1', 'Writing an email felt really slow, it looked like the letters were shown to late'),
('257', 'http://en.grepolis.com', '4.0b1', '0', '223', '1', 'it doesnt understand webgame called grepololis\'s map'),
('258', 'http://pornhub.com', '4.0b1', '0', '224', '1', 'I cant use PornHub :('),
('321', 'http://beta.bbc.co.uk', '4.0b1', '0', '225', '1', 'on the Mac version, During Full Screen playback of a flash video, the top menu bar does not dissapear.'),
('259', 'http://poolga.com', '<week>', '0', '226', '1', 'Dragging JPG images to the desktop doesn\'t work. The files are corrupt.'),
('192', 'http://gallery.fellingcc.co.uk', '4.0b1', '0', '227', '1', 'jquery animations dont seem as smooth'),
('200', 'http://in.mc84.mail.yahoo.com', '<week>', '0', '228', '1', 'There is no compose text box in the yahoo mail.'),
('262', 'http://poolga.com', '4.0b1', '0', '229', '1', 'Dragging JPG images to the desktop doesn\'t work. The files are corrupt.'),
('263', 'http://apple.com', '<week>', '0', '230', '1', 'Took so much time to load the page.'),
('264', 'http://blogtorwho.blogspot.com', '<week>', '0', '232', '1', 'Top (logo) banner for this page does not display, trying to force a full page reload (shift-reload) has no effect.'),
('265', 'http://baguete.com.br', '<week>', '0', '233', '1', 'Can\'t open site, but I can in chrome, also I couldn\'t make my twitter sign up using firefox 4. thx!'),
('229', 'http://mymidiland.tobias-reichert.de', '<week>', '0', '234', '1', 'When I start a mp3 file with firefox the aero design turns into black.'),
('267', 'https://input.mozilla.com', '<week>', '0', '235', '1', 'Thats real? I have problems checking the firefox comments in another language, please check it. LOL!'),
('260', 'http://mailfriends.com', '4.0b1', '0', '236', '1', 'wWebsite (mailfriends dot com)does not work properly. The fonts become very small automatically.'),
('268', 'http://amrrc.', '4.0b1', '0', '237', '1', 'images dont open properly in light box'),
('269', 'https://input.mozilla.com', '4.0b1', '0', '238', '1', 'Thats real? I have problems checking the firefox comments in another language, please check it. LOL!'),
('43', 'http://google.be', '4.0b1', '0', '239', '1', 'the search string dissapears when i search google. I can search but the box with the searchstring is always empty'),
('47', 'http://sn137w.snt137.mail.live.com', '<week>', '0', '240', '1', 'Can it saupport Hotmail???'),
('29', 'https://citibank.se', '<week>', '0', '241', '1', 'Cannot login. Works with IE8'),
('282', 'http://unair.ac.id', '4.0b1', '0', '242', '1', 'i can\'t open my campus website'),
('175', 'http://megaman.wikia.com', '4.0b1', '0', '243', '1', 'it would show the page, then go to blank page'),
('293', 'http://ndtv.com', '<week>', '0', '244', '1', 'its not working in full screen mode.hope u fix it soon'),
('294', 'http://megaman.wikia.com', '<week>', '0', '245', '1', 'it would show the page, then go to blank page'),
('326', 'https://ing.nl', '4.0b1', '0', '246', '1', 'Pagina wordt niet geladen De pagina kan helaas niet binnen deze browser worden getoond. De ING adviseert u om een andere browser te gebruike'),
('296', 'https://paypal.com', '4.0b1', '0', '247', '1', 'Massively long time to load at 0811 hrs UK GMT time'),
('297', 'http://netflix.com', '4.0b1', '0', '248', '3', 'Can\'t watch streaming netflix w/ firefox 4 :('),
('300', 'http://orkut.com', '4.0b1', '0', '249', '3', 'incompatible with new orkut'),
('303', 'http://news.com.au', '<week>', '0', '250', '1', 'The front page is not displaying correctly under the \"National & Local\" section.'),
('304', 'http://google.co.in', '<week>', '0', '251', '1', 'nt able to do google search'),
('305', 'http://news.sky.com', '<week>', '0', '252', '1', 'I use the liveNews feed BUT get a frozen Pic audio continues, when open windows task manager \"end task\" but only when cancel is used pic OK?'),
('147', 'http://tvshack.cc', '<week>', '0', '253', '1', 'Stronger pop-up protection is needed, especially over the TvShack web-sites where most, and some random unassociated ones, are experienced.'),
('306', 'http://selwynformayor.com', '4.0b1', '0', '254', '1', 'Your feedback system leads a lot of work. The screen is too small and one cannot edit it very well I cannot load my website properly and IA.'),
('235', 'http://bbc.co.uk', '4.0b1', '0', '255', '1', 'Can\'t use flash on this site...'),
('281', 'http://gallery.fellingcc.co.uk', '<week>', '0', '256', '1', 'jquery animations dont seem as smooth'),
('309', 'http://jovempanfm.virgula.uol.com.br', '<week>', '0', '257', '1', 'Unable to load Adobe Flash plugin... example below but it could be any page that uses flash.'),
('310', 'http://ustream.tv', '<week>', '0', '258', '1', 'FF4 won\'t load the drivers.'),
('311', 'http://in.bookmyshow.com', '<week>', '0', '259', '1', 'This website does not display properly in Firefox.'),
('312', 'http://mailfriends.com', '<week>', '0', '260', '1', 'wWebsite (mailfriends dot com)does not work properly. The fonts become very small automatically.'),
('313', 'https://business.hsbc.co.uk', '<week>', '0', '261', '1', 'Slow slow slow sslow in loading!!!!!!  1344 hrs'),
('314', 'http://listen.grooveshark.com', '4.0b1', '0', '262', '1', 'Keyboard shortcuts (Ctrl-T, Alt-D) do not work while on grooveshark.com'),
('204', 'http://laraparentphotography.com', '<week>', '0', '263', '1', 'when you click on clients, you can\'t enter in the password.  When I tried FF 3.6.6 it worked fine.'),
('316', 'http://apple.com', '4.0b1', '0', '264', '1', 'Took so much time to load the page.'),
('317', 'http://listen.grooveshark.com', '<week>', '0', '265', '1', 'Keyboard shortcuts (Ctrl-T, Alt-D) do not work while on grooveshark.com'),
('234', 'http://jcrew.com', '<week>', '0', '266', '1', 'Broken images on some sites. Not a huge deal, because I encounter it with other browsers as well, but its usually not an issue with firefox.'),
('319', 'http://fairview.deadfrontier.com', '4.0b1', '0', '267', '1', 'Cannot load browser game.'),
('256', 'http://freehindiradio.com', '4.0b1', '0', '268', '1', 'windows media player 11 not support only support windows media player clasic'),
('179', 'http://logitech.com', '<week>', '0', '269', '1', 'Can\'t yet auto-detect my Logitech game controller'),
('322', 'http://devryu.net', '<week>', '0', '270', '1', 'can\'t use pulldown menu to click on a subpage to grade students devryuniversity'),
('266', 'http://wsecu.org', '<week>', '0', '271', '1', 'it wouldnt load my bank account information or anything after i tried to enter my bank account'),
('283', 'http://facebook.com', '<week>', '0', '272', '8', 'Facebook IM doesn\'t show.'),
('291', 'http://facebook.com', '<week>', '0', '272', '2', 'A lot of javascript functions such as photo navigation with keyboard and notifications are not working properly.'),
('324', 'http://bb.com.br', '<week>', '0', '273', '1', 'Plugins não conpativeis com o navegador'),
('325', 'http://dabate.com', '<week>', '0', '274', '1', 'Even though I installed wmp add-on some website had issue'),
('295', 'http://shop.timeproducts.com.au', '<week>', '0', '275', '1', 'Not sure if I have to select a different encoding type, but I seem be getting a few odd characters/symbols on some web pages?'),
('327', 'http://wowarmory.com', '4.0b1', '0', '276', '1', 'I cant see  the description float of items'),
('328', 'http://xmradio.com', '4.0b1', '0', '277', '1', 'My streaming XM Radio doesn\'t work now..'),
('156', 'http://shop.timeproducts.com.au', '4.0b1', '0', '278', '1', 'Not sure if I have to select a different encoding type, but I seem be getting a few odd characters/symbols on some web pages?'),
('330', 'https://services.aamc.org', '4.0b1', '0', '279', '1', 'This site isn\'t compatible!'),
('169', 'http://gmx.net', '4.0b1', '0', '280', '1', 'All my Mails in GMX are unformated with Firefox via the Webmail INterface. With IE8 everything is OK.'),
('331', 'http://home.live.com', '<week>', '0', '281', '1', 'Firefox sometimes doesn\'t render the Windows Live Home page properly.  Sometimes a refresh will fix the problem and other times it doesn\'t.');

DROP TABLE IF EXISTS `website_issues_site_summary`;
CREATE TABLE `website_issues_site_summary` (
   `id` INT(10) UNSIGNED  NOT NULL PRIMARY KEY, 
           `url` varchar(100) NOT NULL,
           `version` varchar(30) NOT NULL,
           `positive` tinyint(1) NOT NULL,
           INDEX (`url`),
           `site_size` INT(10) UNSIGNED  NOT NULL,
           UNIQUE INDEX (url, version, positive, site_size)
           
) ENGINE=MyISAM DEFAULT CHARSET=utf8
;
ALTER TABLE `website_issues_site_summary` DISABLE KEYS;
INSERT INTO `website_issues_site_summary` VALUES
('100', 'http://youtube.com', '4.0b1', '0', '14'),
('62', 'http://youtube.com', '<week>', '0', '13'),
('41', 'http://facebook.com', '4.0b1', '0', '11'),
('272', 'http://facebook.com', '<week>', '0', '10'),
('217', 'http://hulu.com', '4.0b1', '0', '7'),
('220', 'http://hulu.com', '<week>', '0', '7'),
('131', 'http://hotmail.com', '4.0b1', '0', '3'),
('134', 'http://hotmail.com', '<week>', '0', '3'),
('142', 'http://netflix.com', '<week>', '0', '3'),
('194', 'http://orkut.com', '<week>', '0', '3'),
('248', 'http://netflix.com', '4.0b1', '0', '3'),
('249', 'http://orkut.com', '4.0b1', '0', '3'),
('1', 'http://tw.mall.yahoo.com', '<week>', '0', '1'),
('3', 'http://accuweather.com', '4.0b1', '0', '1'),
('138', 'http://clippercard.com', '4.0b1', '0', '1'),
('4', 'http://bbc.co.uk', '<week>', '0', '1'),
('5', 'https://paypal.com', '<week>', '0', '1'),
('6', 'http://ie.microsoft.com', '<week>', '0', '1'),
('7', 'http://www2.webkit.org', '4.0b2', '0', '1'),
('8', 'http://ie.microsoft.com', '4.0b1', '0', '1'),
('9', 'http://sys.4chan.org', '<week>', '0', '1'),
('10', 'http://home.live.com', '4.0b1', '0', '1'),
('11', 'http://elaph.com', '4.0b1', '0', '1'),
('141', 'http://fairview.deadfrontier.com', '<week>', '0', '1'),
('189', 'http://ameblo.jp', '<week>', '0', '1'),
('93', 'http://bahka.blogspot.com', '<week>', '0', '1'),
('16', 'http://trade.bankleumi.co.il', '<week>', '0', '1'),
('17', 'https://ideal.abnamro.nl', '4.0b1', '0', '1'),
('18', 'http://zillow.com', '4.0b1', '0', '1'),
('19', 'http://pt.ikariam.com', '<week>', '0', '1'),
('20', 'http://students.heinz.cmu.edu', '<week>', '0', '1'),
('21', 'http://google.co.uk', '<week>', '0', '1'),
('23', 'http://downloadsquad.com', '<week>', '0', '1'),
('24', 'http://cnn.com', '4.0b1', '0', '1'),
('115', 'http://farmville.com', '<week>', '0', '1'),
('26', 'http://downloadsquad.com', '4.0b1', '0', '1'),
('27', 'http://asriel.de', '<week>', '0', '1'),
('28', 'http://antwrp.gsfc.nasa.gov', '<week>', '0', '1'),
('29', 'http://acid3.org', '4.0b1', '0', '1'),
('139', 'https://ideal.abnamro.nl', '<week>', '0', '1'),
('33', 'http://clippercard.com', '<week>', '0', '1'),
('34', 'https://services.aamc.org', '<week>', '0', '1'),
('35', 'http://express.com.pk', '4.0b1', '0', '1'),
('36', 'http://multiply.com', '<week>', '0', '1'),
('37', 'http://inoxmovies.com', '4.0b1', '0', '1'),
('98', 'http://istoretn.com', '<week>', '0', '1'),
('144', 'http://docs.jboss.org', '4.0b1', '0', '1'),
('150', 'http://gmx.net', '<week>', '0', '1'),
('40', 'https://bancobcr.com', '<week>', '0', '1'),
('239', 'http://google.be', '4.0b1', '0', '1'),
('42', 'http://sys.4chan.org', '4.0b1', '0', '1'),
('43', 'https://bancobcr.com', '4.0b1', '0', '1'),
('44', 'http://en.grepolis.com', '<week>', '0', '1'),
('99', 'https://citibank.se', '4.0b1', '0', '1'),
('46', 'http://filehippo.com', '4.0b1', '0', '1'),
('47', 'http://i28.tinypic.com', '4.0b1', '0', '1'),
('263', 'http://laraparentphotography.com', '<week>', '0', '1'),
('48', 'http://jovempanfm.virgula.uol.com.br', '4.0b1', '0', '1'),
('50', 'http://mangafox.com', '4.0b1', '0', '1'),
('51', 'http://dabate.com', '4.0b1', '0', '1'),
('52', 'http://runescape.com', '<week>', '0', '1'),
('53', 'http://a.imageshack.us', '<week>', '0', '1'),
('54', 'http://zillow.com', '<week>', '0', '1'),
('55', 'http://runescape.com', '4.0b1', '0', '1'),
('75', 'http://bahka.blogspot.com', '4.0b1', '0', '1'),
('57', 'http://img517.imageshack.us', '<week>', '0', '1'),
('59', 'http://gmail.com', '<week>', '0', '1'),
('60', 'http://cnn.com', '<week>', '0', '1'),
('61', 'http://ch-ching.com', '<week>', '0', '1'),
('63', 'http://ch-ching.com', '4.0b1', '0', '1'),
('64', 'http://amrrc.', '<week>', '0', '1'),
('65', 'https://mail.google.com', '<week>', '0', '1'),
('66', 'http://gallery.me.com', '4.0b1', '0', '1'),
('67', 'http://tishreen.info', '4.0b1', '0', '1'),
('30', 'http://miniclip.com', '4.0b1', '0', '1'),
('69', 'http://unair.ac.id', '<week>', '0', '1'),
('70', 'http://bb.com.br', '4.0b2', '0', '1'),
('71', 'http://jamendo.com', '4.0b1', '0', '1'),
('73', 'http://everybodyedits.com', '4.0b1', '0', '1'),
('56', 'http://toolbar.zynga.com', '<week>', '0', '1'),
('76', 'http://express.com.pk', '<week>', '0', '1'),
('77', 'http://everybodyedits.com', '<week>', '0', '1'),
('78', 'http://wegotserved.com', '<week>', '0', '1'),
('80', 'http://wegotserved.com', '4.0b1', '0', '1'),
('197', 'http://wsecu.org', '4.0b1', '0', '1'),
('82', 'http://selwynformayor.com', '<week>', '0', '1'),
('83', 'http://adserving.cpxinteractive.com', '<week>', '0', '1'),
('278', 'http://shop.timeproducts.com.au', '4.0b1', '0', '1'),
('84', 'http://petalia.org', '4.0b1', '0', '1'),
('85', 'http://adserving.cpxinteractive.com', '4.0b1', '0', '1'),
('110', 'http://192.168.1.1', '<week>', '0', '1'),
('87', 'http://af.messzevan.hu', '<week>', '0', '1'),
('88', 'http://pt.ikariam.com', '4.0b1', '0', '1'),
('89', 'http://a.imageshack.us', '4.0b1', '0', '1'),
('90', 'http://youth611hk.dnsdojo.com', '<week>', '0', '1'),
('91', 'http://freehindiradio.com', '<week>', '0', '1'),
('92', 'http://reckoningthegame.com', '<week>', '0', '1'),
('15', 'http://toolbar.zynga.com', '4.0b1', '0', '1'),
('94', 'http://img517.imageshack.us', '4.0b1', '0', '1'),
('95', 'http://reckoningthegame.com', '4.0b1', '0', '1');
INSERT INTO `website_issues_site_summary` VALUES
('96', 'http://beta.bbc.co.uk', '<week>', '0', '1'),
('97', 'http://freerangekids.wordpress.com', '<week>', '0', '1'),
('38', 'http://mymidiland.tobias-reichert.de', '4.0b1', '0', '1'),
('45', 'http://antwrp.gsfc.nasa.gov', '4.0b1', '0', '1'),
('101', 'http://co124w.col124.mail.live.com', '4.0b1', '0', '1'),
('102', 'http://teslamotors.com', '<week>', '0', '1'),
('104', 'http://gallery.me.com', '<week>', '0', '1'),
('105', 'http://teslamotors.com', '4.0b1', '0', '1'),
('107', 'http://docs.jboss.org', '<week>', '0', '1'),
('108', 'http://asriel.de', '4.0b2', '0', '1'),
('109', 'http://accuweather.com', '<week>', '0', '1'),
('81', 'http://aajkal.com.pk', '4.0b1', '0', '1'),
('111', 'http://laraparentphotography.com', '4.0b1', '0', '1'),
('113', 'http://zelda.wikia.com', '4.0b1', '0', '1'),
('114', 'http://ameblo.jp', '4.0b1', '0', '1'),
('116', 'http://logitech.com', '4.0b1', '0', '1'),
('117', 'http://wowarmory.com', '<week>', '0', '1'),
('215', 'http://ox.ac.uk', '4.0b1', '0', '1'),
('119', 'http://petalia.org', '<week>', '0', '1'),
('253', 'http://tvshack.cc', '<week>', '0', '1'),
('120', 'http://translate.google.com', '<week>', '0', '1'),
('121', 'http://news.com.au', '4.0b1', '0', '1'),
('122', 'http://miniclip.com', '<week>', '0', '1'),
('123', 'http://translate.google.com', '4.0b1', '0', '1'),
('160', 'http://jcrew.com', '4.0b1', '0', '1'),
('125', 'http://catb.org', '<week>', '0', '1'),
('126', 'http://npr.org', '4.0b1', '0', '1'),
('127', 'http://effectgames.com', '4.0b1', '0', '1'),
('210', 'http://farmville.com', '4.0b1', '0', '1'),
('129', 'http://intomobile.com', '4.0b1', '0', '1'),
('130', 'http://google.be', '<week>', '0', '1'),
('132', 'http://gamekult.com', '<week>', '0', '1'),
('133', 'http://freerangekids.wordpress.com', '4.0b1', '0', '1'),
('135', 'http://hmv.com', '4.0b1', '0', '1'),
('136', 'https://sites.google.com', '4.0b1', '0', '1'),
('137', 'http://notarealurl.com', '<week>', '0', '1'),
('68', 'https://mail.google.com', '4.0b1', '0', '1'),
('140', 'http://tishreen.info', '<week>', '0', '1'),
('12', 'http://superpokepets.com', '4.0b1', '0', '1'),
('25', 'http://jamendo.com', '<week>', '0', '1'),
('79', 'http://creep.ru', '<week>', '0', '1'),
('145', 'http://giantbomb.com', '<week>', '0', '1'),
('146', 'http://giantbomb.com', '4.0b1', '0', '1'),
('147', 'http://epaper.kompas.com', '4.0b1', '0', '1'),
('243', 'http://megaman.wikia.com', '4.0b1', '0', '1'),
('148', 'http://mail.google.com', '<week>', '0', '1'),
('118', 'http://orkut.com.br', '4.0b1', '0', '1'),
('152', 'http://blinkk2.blogspot.com', '4.0b1', '0', '1'),
('153', 'http://creep.ru', '4.0b1', '0', '1'),
('154', 'http://ftp.mozilla.org', '4.0b1', '0', '1'),
('155', 'http://filehippo.com', '<week>', '0', '1'),
('156', 'http://i28.tinypic.com', '<week>', '0', '1'),
('157', 'http://co114w.col114.mail.live.com', '4.0b1', '0', '1'),
('158', 'http://blogtorwho.blogspot.com', '4.0b1', '0', '1'),
('159', 'http://baguete.com.br', '4.0b1', '0', '1'),
('124', 'http://orkut.co.in', '<week>', '0', '1'),
('128', 'http://acid3.acidtests.org', '4.0b2', '0', '1'),
('162', 'http://af.messzevan.hu', '4.0b1', '0', '1'),
('163', 'http://devryu.net', '4.0b1', '0', '1'),
('164', 'http://catb.org', '4.0b1', '0', '1'),
('13', 'http://www2.webkit.org', '<week>', '0', '1'),
('168', 'http://sn137w.snt137.mail.live.com', '4.0b1', '0', '1'),
('209', 'http://students.heinz.cmu.edu', '4.0b1', '0', '1'),
('171', 'http://gamekult.com', '4.0b1', '0', '1'),
('172', 'http://tw.mall.yahoo.com', '4.0b1', '0', '1'),
('173', 'http://ccee.edu.uy', '4.0b1', '0', '1'),
('174', 'http://co124w.col124.mail.live.com', '<week>', '0', '1'),
('175', 'http://hmv.com', '<week>', '0', '1'),
('176', 'http://ccee.edu.uy', '<week>', '0', '1'),
('177', 'http://ox.ac.uk', '<week>', '0', '1'),
('192', 'http://zelda.wikia.com', '<week>', '0', '1'),
('178', 'http://google.co.in', '4.0b1', '0', '1'),
('179', 'http://news.sky.com', '4.0b1', '0', '1'),
('180', 'http://uberreview.com', '4.0b1', '0', '1'),
('181', 'http://aajkal.com.pk', '<week>', '0', '1'),
('182', 'http://ustream.tv', '4.0b1', '0', '1'),
('183', 'http://uberreview.com', '<week>', '0', '1'),
('184', 'http://elaph.com', '<week>', '0', '1'),
('218', 'http://tvshack.cc', '4.0b1', '0', '1'),
('186', 'http://pornhub.com', '<week>', '0', '1'),
('187', 'http://epaper.kompas.com', '<week>', '0', '1'),
('165', 'http://npr.org', '<week>', '0', '1'),
('190', 'http://in.bookmyshow.com', '4.0b1', '0', '1'),
('72', 'http://trade.bankleumi.co.il', '4.0b1', '0', '1'),
('31', 'http://intomobile.com', '<week>', '0', '1'),
('193', 'http://blinkk2.blogspot.com', '<week>', '0', '1'),
('195', 'http://co114w.col114.mail.live.com', '<week>', '0', '1'),
('196', 'http://frenchs.com', '<week>', '0', '1'),
('268', 'http://freehindiradio.com', '4.0b1', '0', '1'),
('143', 'http://orkut.com.br', '<week>', '0', '1'),
('266', 'http://jcrew.com', '<week>', '0', '1'),
('198', 'http://youth611hk.dnsdojo.com', '4.0b1', '0', '1'),
('199', 'http://ftp.mozilla.org', '<week>', '0', '1'),
('200', 'http://effectgames.com', '<week>', '0', '1'),
('201', 'http://xmradio.com', '<week>', '0', '1'),
('202', 'http://acid3.org', '<week>', '0', '1'),
('203', 'http://notarealurl.com', '4.0b2', '0', '1'),
('204', 'http://istoretn.com', '4.0b1', '0', '1'),
('205', 'http://candystand.com', '4.0b1', '0', '1'),
('206', 'http://ndtv.com', '4.0b1', '0', '1');
INSERT INTO `website_issues_site_summary` VALUES
('207', 'http://candystand.com', '<week>', '0', '1'),
('208', 'https://sites.google.com', '<week>', '0', '1'),
('188', 'http://frenchs.com', '4.0b1', '0', '1'),
('191', 'http://192.168.1.1', '4.0b1', '0', '1'),
('211', 'http://multiply.com', '4.0b1', '0', '1'),
('212', 'http://inoxmovies.com', '<week>', '0', '1'),
('214', 'http://superpokepets.com', '<week>', '0', '1'),
('169', 'http://in.mc84.mail.yahoo.com', '4.0b1', '0', '1'),
('255', 'http://bbc.co.uk', '4.0b1', '0', '1'),
('223', 'http://en.grepolis.com', '4.0b1', '0', '1'),
('224', 'http://pornhub.com', '4.0b1', '0', '1'),
('226', 'http://poolga.com', '<week>', '0', '1'),
('227', 'http://gallery.fellingcc.co.uk', '4.0b1', '0', '1'),
('221', 'https://business.hsbc.co.uk', '4.0b1', '0', '1'),
('229', 'http://poolga.com', '4.0b1', '0', '1'),
('230', 'http://apple.com', '<week>', '0', '1'),
('232', 'http://blogtorwho.blogspot.com', '<week>', '0', '1'),
('233', 'http://baguete.com.br', '<week>', '0', '1'),
('234', 'http://mymidiland.tobias-reichert.de', '<week>', '0', '1'),
('235', 'https://input.mozilla.com', '<week>', '0', '1'),
('236', 'http://mailfriends.com', '4.0b1', '0', '1'),
('237', 'http://amrrc.', '4.0b1', '0', '1'),
('238', 'https://input.mozilla.com', '4.0b1', '0', '1'),
('240', 'http://sn137w.snt137.mail.live.com', '<week>', '0', '1'),
('241', 'https://citibank.se', '<week>', '0', '1'),
('242', 'http://unair.ac.id', '4.0b1', '0', '1'),
('161', 'http://mangafox.com', '<week>', '0', '1'),
('244', 'http://ndtv.com', '<week>', '0', '1'),
('245', 'http://megaman.wikia.com', '<week>', '0', '1'),
('275', 'http://shop.timeproducts.com.au', '<week>', '0', '1'),
('247', 'https://paypal.com', '4.0b1', '0', '1'),
('281', 'http://home.live.com', '<week>', '0', '1'),
('250', 'http://news.com.au', '<week>', '0', '1'),
('251', 'http://google.co.in', '<week>', '0', '1'),
('252', 'http://news.sky.com', '<week>', '0', '1'),
('254', 'http://selwynformayor.com', '4.0b1', '0', '1'),
('228', 'http://in.mc84.mail.yahoo.com', '<week>', '0', '1'),
('151', 'http://mail.google.com', '4.0b1', '0', '1'),
('256', 'http://gallery.fellingcc.co.uk', '<week>', '0', '1'),
('257', 'http://jovempanfm.virgula.uol.com.br', '<week>', '0', '1'),
('258', 'http://ustream.tv', '<week>', '0', '1'),
('259', 'http://in.bookmyshow.com', '<week>', '0', '1'),
('260', 'http://mailfriends.com', '<week>', '0', '1'),
('261', 'https://business.hsbc.co.uk', '<week>', '0', '1'),
('262', 'http://listen.grooveshark.com', '4.0b1', '0', '1'),
('149', 'http://google.co.uk', '4.0b1', '0', '1'),
('264', 'http://apple.com', '4.0b1', '0', '1'),
('265', 'http://listen.grooveshark.com', '<week>', '0', '1'),
('86', 'http://orkut.co.in', '4.0b1', '0', '1'),
('267', 'http://fairview.deadfrontier.com', '4.0b1', '0', '1'),
('222', 'http://gmail.com', '4.0b1', '0', '1'),
('225', 'http://beta.bbc.co.uk', '4.0b1', '0', '1'),
('270', 'http://devryu.net', '<week>', '0', '1'),
('271', 'http://wsecu.org', '<week>', '0', '1'),
('273', 'http://bb.com.br', '<week>', '0', '1'),
('274', 'http://dabate.com', '<week>', '0', '1'),
('246', 'https://ing.nl', '4.0b1', '0', '1'),
('276', 'http://wowarmory.com', '4.0b1', '0', '1'),
('277', 'http://xmradio.com', '4.0b1', '0', '1'),
('106', 'https://ing.nl', '<week>', '0', '1'),
('279', 'https://services.aamc.org', '4.0b1', '0', '1'),
('280', 'http://gmx.net', '4.0b1', '0', '1'),
('269', 'http://logitech.com', '<week>', '0', '1'),
('2', 'http://flickr.com', '<week>', '0', '0'),
('14', 'http://mozilla.com', '4.0b1', '0', '0'),
('22', 'http://speedtest.net', '<week>', '0', '0'),
('32', 'http://google.com', '<week>', '0', '0'),
('39', 'http://mail.live.com', '<week>', '0', '0'),
('49', 'http://mozilla.com', '<week>', '0', '0'),
('58', 'http://acid3.acidtests.org', '<week>', '0', '0'),
('74', 'http://flickr.com', '4.0b1', '0', '0'),
('103', 'http://google.com', '4.0b1', '0', '0'),
('112', 'http://mail.live.com', '4.0b1', '0', '0'),
('166', 'http://acid3.acidtests.org', '4.0b1', '0', '0'),
('167', 'http://tuenti.com', '4.0b1', '0', '0'),
('170', 'http://tuenti.com', '<week>', '0', '0'),
('213', 'https://addons.mozilla.org', '<week>', '0', '0'),
('216', 'https://addons.mozilla.org', '4.0b1', '0', '0'),
('185', 'http://apps.facebook.com', '4.0b1', '0', '0'),
('231', 'http://speedtest.net', '4.0b1', '0', '0'),
('219', 'http://apps.facebook.com', '<week>', '0', '0');

ALTER TABLE website_issues_site_summary ENABLE KEYS;
ALTER TABLE website_issues_cluster_summary ENABLE KEYS;
ALTER TABLE website_issues_cluster ENABLE KEYS;
SET character_set_client = @saved_cs_client;
